,res.0.1,res.0.2,res.0.3,res.0.4,res.0.5
AAACATACAACCAC,0,0,0,2,1
AAACATTGAGCTAC,3,3,3,3,3
AAACATTGATCAGC,0,0,0,2,1
AAACCGTGCTTCCG,1,1,1,1,2
AAACCGTGTATGCG,2,2,2,6,6
AAACGCACTGGTAC,0,0,0,2,1
AAACGCTGACCAGT,2,2,2,4,4
AAACGCTGGTTCTT,2,2,2,4,4
AAACGCTGTAGCCA,0,0,0,0,0
AAACGCTGTTTCTG,1,4,4,5,5
AAACTTGAAAAACG,3,3,3,3,3
AAACTTGATCCAGA,0,0,0,0,0
AAAGAGACGAGATA,0,0,0,0,0
AAAGAGACGCGAGA,1,1,1,1,2
AAAGAGACGGACTT,0,0,0,0,0
AAAGAGACGGCATT,0,0,0,0,0
AAAGCAGATATCGG,1,1,1,1,2
AAAGCCTGTATGCG,0,0,0,2,1
AAAGGCCTGTCTAG,3,3,3,3,3
AAAGTTTGATCACG,3,3,3,3,3
AAAGTTTGGGGTGA,3,3,3,3,3
AAAGTTTGTAGAGA,0,0,0,0,0
AAAGTTTGTAGCGT,1,1,1,1,2
AAATCAACAATGCC,3,3,3,3,3
AAATCAACACCAGT,0,0,0,0,0
AAATCAACCAGGAG,0,0,0,0,0
AAATCAACCCTATT,1,4,4,5,5
AAATCAACGGAAGC,0,0,0,0,0
AAATCAACTCGCAA,0,0,0,2,1
AAATCATGACCACA,1,4,4,5,5
AAATCCCTCCACAA,0,0,0,0,0
AAATCCCTGCTATG,3,3,3,3,3
AAATGTTGAACGAA,1,1,1,1,2
AAATGTTGCCACAA,0,0,0,2,1
AAATGTTGTGGCAT,1,1,1,1,2
AAATTCGAAGGTTC,0,0,0,0,0
AAATTCGAATCACG,1,1,1,1,2
AAATTCGAGCTGAT,1,4,4,5,5
AAATTCGAGGAGTG,0,0,0,0,0
AAATTCGATTCTCA,2,2,2,6,6
AAATTGACACGACT,2,2,2,4,4
AAATTGACTCGCTC,0,0,0,2,1
AACAAACTCATTTC,0,0,0,0,0
AACAAACTTTCGTT,0,0,0,0,0
AACAATACGACGAG,0,0,0,0,0
AACACGTGCAGAGG,0,0,0,2,1
AACACGTGGAAAGT,0,0,0,0,0
AACACGTGGAACCT,1,1,1,1,2
AACACGTGGCTACA,0,0,0,0,0
AACACGTGTACGAC,1,4,4,5,5
AACAGCACAAGAGT,1,1,1,1,2
AACATTGATGGGAG,1,4,4,5,5
AACCAGTGATACCG,1,4,4,5,5
AACCCAGATCGCTC,0,0,0,0,0
AACCGATGCTCCCA,0,0,0,0,0
AACCGATGGTCATG,3,3,3,3,3
AACCGATGTTCTAC,1,1,1,1,2
AACCGCCTAGCGTT,0,0,0,2,1
AACCGCCTCTACGA,1,1,1,1,2
AACCTACTGTGAGG,1,1,1,1,2
AACCTACTGTGTTG,0,0,0,0,0
AACCTTACGAGACG,0,0,0,0,0
AACCTTACGCGAGA,2,2,2,6,6
AACCTTACTAACGC,1,4,4,5,5
AACCTTTGGACGGA,0,0,0,0,0
AACCTTTGTACGCA,1,4,4,5,5
AACGCAACAAGTAG,0,0,0,2,1
AACGCATGACCCAA,0,0,0,0,0
AACGCATGCCTTCG,0,0,0,0,0
AACGCATGTACTTC,0,0,0,0,0
AACGCCCTCGGGAA,0,0,0,2,1
AACGCCCTCGTACA,2,2,2,6,6
AACGCCCTGGCATT,0,0,0,2,1
AACGTCGAGTATCG,2,2,2,6,6
AACGTGTGAAAGCA,0,0,0,0,1
AACGTGTGGCGGAA,3,3,3,3,3
AACGTGTGTCCAAG,0,0,0,0,0
AACGTGTGTGCTTT,0,0,0,2,1
AACTACCTTAGAGA,0,0,0,0,0
AACTCACTCAAGCT,1,1,1,1,2
AACTCACTTGGAGG,1,1,1,1,2
AACTCGGAAAGTGA,2,2,2,4,4
AACTCGGAAGGTCT,1,1,1,1,2
AACTCTTGCAGGAG,0,0,0,2,1
AACTGTCTCCCTTG,1,1,1,1,2
AACTTGCTACGCTA,3,3,3,3,3
AACTTGCTGGGACA,0,0,0,0,0
AAGAACGAGTGTTG,0,0,0,0,0
AAGAAGACGTAGGG,3,3,3,3,3
AAGACAGAAGTCTG,3,3,3,3,3
AAGACAGAGGATCT,0,0,0,0,0
AAGACAGATTACCT,1,1,1,1,2
AAGAGATGGGTAGG,3,3,3,3,3
AAGATGGAAAACAG,3,3,3,3,3
AAGATGGAGAACTC,1,1,1,1,2
AAGATGGAGATAAG,1,1,1,1,2
AAGATTACAACCTG,0,0,0,0,0
AAGATTACAGATCC,1,1,1,1,2
AAGATTACCCGTTC,1,1,1,1,2
AAGATTACCGCCTT,1,5,5,7,7
AAGATTACCTCAAG,2,2,2,6,6
AAGATTACTCCTCG,1,1,1,1,2
AAGCAAGAGCGAGA,0,0,0,2,1
AAGCAAGAGCTTAG,2,2,2,6,6
AAGCAAGAGGTGTT,2,2,2,6,6
AAGCACTGAGCAAA,3,3,3,3,3
AAGCACTGCATACG,0,0,0,0,0
AAGCACTGGTTCTT,3,3,3,3,3
AAGCCAACGTGTTG,0,0,0,0,0
AAGCCATGAACTGC,1,5,5,7,7
AAGCCATGACACGT,1,1,1,1,2
AAGCCATGCGTGAT,0,0,0,0,0
AAGCCATGTCTCGC,0,0,0,0,0
AAGCCTGACATGCA,0,0,0,2,1
AAGCCTGACCGAAT,1,1,1,1,2
AAGCGACTCCTCAC,1,4,4,5,5
AAGCGACTGTGTCA,0,0,0,0,0
AAGCGACTTACAGC,3,3,3,3,3
AAGCGACTTTGACG,1,4,4,5,5
AAGCGTACGTCTTT,0,0,0,0,0
AAGGCTTGCGAACT,2,2,2,4,4
AAGGTCACGGTTAC,1,1,1,1,2
AAGGTCACTGTTTC,3,3,3,3,3
AAGGTCACTTCCCG,2,2,2,4,4
AAGGTCTGACAGTC,0,0,0,2,1
AAGGTCTGCAGATC,0,0,0,0,0
AAGTAACTCTGAAC,1,1,1,1,2
AAGTAACTGAGATA,3,3,3,3,3
AAGTAGGATACAGC,2,2,2,6,6
AAGTATACCGAACT,0,0,0,0,0
AAGTCCGACTTGTT,0,0,0,0,0
AAGTCCGATAGAAG,0,0,0,0,0
AAGTCTCTAGTCGT,0,0,0,0,0
AAGTCTCTCGGAGA,2,2,2,4,4
AAGTGGCTTGGAGG,3,3,3,3,3
AAGTTCCTCATTCT,1,4,4,5,5
AAGTTCCTTCTTAC,0,0,0,2,1
AATAAGCTCGAATC,0,0,0,2,1
AATAAGCTCGTTGA,0,0,0,0,0
AATACCCTGGACGA,3,3,3,3,3
AATACCCTGGCATT,0,0,0,2,1
AATACTGAAAGGGC,2,2,2,4,4
AATACTGAATTGGC,2,2,2,6,6
AATAGGGAACCCTC,3,3,3,3,3
AATAGGGAGAATGA,2,2,2,4,4
AATCAAACTATCGG,2,2,2,4,4
AATCCGGAATGCTG,3,3,3,3,3
AATCCTACCGGTAT,0,0,0,0,0
AATCCTTGACGGGA,1,1,1,1,2
AATCCTTGGTGAGG,2,2,2,6,6
AATCGGTGGAACTC,2,2,2,4,4
AATCGGTGTGCTTT,0,0,0,0,0
AATCTAGAAAAGTG,0,0,0,2,1
AATCTAGAATCGGT,0,0,0,0,0
AATCTCACAGCCTA,1,1,1,1,2
AATCTCACTCTAGG,0,0,0,0,0
AATCTCTGAACAGA,0,0,0,0,0
AATCTCTGCTTTAC,2,2,2,6,6
AATGATACACCAAC,2,2,2,4,4
AATGATACGGTCAT,1,1,1,1,2
AATGCGTGACACCA,3,3,3,3,3
AATGCGTGGACGGA,1,1,1,1,2
AATGCGTGGCTATG,3,3,3,3,3
AATGGAGAATCGTG,1,1,1,1,2
AATGGAGATCCTTA,2,2,2,4,4
AATGGCTGACACCA,3,3,3,3,3
AATGGCTGCGTGAT,0,0,0,2,1
AATGGCTGTAAAGG,0,0,0,4,4
AATGGCTGTACTCT,2,2,2,4,4
AATGGCTGTGAAGA,0,0,0,0,0
AATGTAACGGTGGA,0,0,0,0,0
AATGTCCTCTTCTA,0,0,0,2,1
AATGTTGACAGTCA,0,0,0,2,1
AATGTTGAGTTGAC,1,1,1,1,2
AATGTTGATCTACT,0,0,0,2,1
AATTACGAATTCCT,1,5,5,7,7
AATTACGACTTCTA,0,0,0,0,0
AATTACGAGTGAGG,0,0,0,2,1
AATTACGATTGGCA,3,3,3,3,3
AATTCCTGCTCAGA,3,3,3,3,3
AATTGATGTCGCAA,1,4,4,5,5
AATTGTGACTTGGA,3,3,3,3,3
ACAAAGGAGGGTGA,0,0,0,0,0
ACAAATTGATTCTC,1,4,4,5,5
ACAAATTGCTCAGA,1,1,1,1,2
ACAAATTGTTGCGA,2,2,2,6,6
ACAACCGAGGGATG,2,2,2,6,6
ACAACCGAGTTACG,0,0,0,2,1
ACAAGAGAAGTCGT,1,1,1,1,2
ACAAGAGACTTATC,0,0,0,0,0
ACAAGAGAGTTGAC,3,3,3,3,3
ACAATCCTAACCGT,0,0,0,2,1
ACAATCCTTAGCGT,3,3,3,3,3
ACAATTGACTGACA,2,2,2,4,4
ACAATTGATGACTG,2,2,2,6,6
ACACAGACCATACG,2,2,2,4,4
ACACCAGAGGGCAA,2,2,2,4,4
ACACCCTGGTGTTG,2,2,2,6,6
ACACGAACAGTTCG,0,0,0,2,1
ACACGATGACGCAT,2,2,2,4,4
ACACGATGATGTGC,1,1,1,1,2
ACACGATGTCGTAG,2,2,2,4,4
ACACGATGTGGTCA,2,2,2,4,4
ACAGACACGGCATT,0,0,0,2,1
ACAGACACGTTGTG,0,0,0,2,1
ACAGCAACACCTAG,1,1,1,1,2
ACAGCAACCTCAAG,1,4,4,5,5
ACAGGTACCCCACT,0,0,0,0,0
ACAGGTACGCTGTA,2,2,2,4,4
ACAGGTACTGGTGT,2,2,2,6,6
ACAGTCGACCCAAA,0,0,0,0,0
ACAGTCGACCGATA,2,2,2,4,4
ACAGTGACTCACCC,2,2,2,4,4
ACAGTGACTCTATC,2,2,2,4,4
ACAGTGTGGTCACA,0,0,0,0,0
ACAGTGTGTTGCGA,1,1,1,1,2
ACATCACTCTACTT,1,1,1,1,2
ACATGGTGAAGCCT,0,0,0,0,0
ACATGGTGCAACCA,3,3,3,3,3
ACATGGTGCGAGTT,0,0,0,0,0
ACATTCTGGCATAC,0,0,0,0,0
ACATTCTGGGAACG,1,1,1,1,2
ACCAACGACATGCA,0,0,0,0,0
ACCACAGAAAGTAG,0,0,0,0,0
ACCACAGAGTTGGT,0,0,0,0,0
ACCACCTGTGTGCA,0,0,0,0,0
ACCACGCTACAGCT,0,0,0,0,0
ACCACGCTACCCAA,2,2,2,4,4
ACCACGCTGCGAGA,0,0,0,0,0
ACCACGCTGCTGTA,0,0,0,0,0
ACCAGCCTGACAGG,0,0,0,2,1
ACCAGTGAACGGTT,3,3,3,3,3
ACCAGTGAATACCG,1,4,4,5,5
ACCAGTGAGGGATG,0,0,0,0,0
ACCAGTGATGACTG,1,1,1,1,2
ACCATTACCTTCTA,0,0,0,0,0
ACCATTACGAGATA,0,0,0,2,1
ACCATTTGTCATTC,0,0,0,0,0
ACCCAAGAACTGTG,2,2,2,4,4
ACCCAAGAATTCCT,1,4,4,5,5
ACCCAAGAGGACAG,0,0,0,2,1
ACCCAAGATTCACT,3,3,3,3,3
ACCCACTGCGCCTT,1,1,1,1,2
ACCCACTGGACAGG,0,0,0,0,0
ACCCACTGGTTCAG,1,4,6,8,8
ACCCACTGTCGTAG,1,1,1,1,2
ACCCAGCTCAGAAA,0,0,0,2,1
ACCCAGCTGTTAGC,1,1,1,1,2
ACCCAGCTTGCTTT,0,0,0,0,0
ACCCGTTGATGACC,3,3,3,3,3
ACCCGTTGCTGCAA,0,0,0,0,0
ACCCGTTGCTTCTA,1,5,5,7,7
ACCCTCGACCTATT,0,0,0,2,1
ACCCTCGACGGTAT,3,3,3,3,3
ACCCTCGATAAGGA,1,1,1,1,2
ACCCTCGATCAAGC,1,4,4,5,5
ACCGTGCTACCAGT,0,0,0,2,1
ACCGTGCTGGAACG,3,3,3,3,3
ACCTATTGCTGAGT,3,3,3,3,3
ACCTATTGTGCCCT,1,4,4,5,5
ACCTCCGAGTCCTC,0,0,0,2,1
ACCTCCGATATGCG,0,0,0,0,0
ACCTCCGATGCTGA,0,0,0,0,0
ACCTCGTGAACCAC,2,2,2,4,4
ACCTGAGATATCGG,1,4,6,8,8
ACCTGGCTAAGTAG,2,2,2,6,6
ACCTTTGACTCCCA,1,1,1,1,2
ACCTTTGAGGAACG,1,1,1,1,2
ACCTTTGAGGAAGC,1,1,1,1,2
ACGAACACCTTGTT,2,2,2,6,6
ACGAACTGGCTATG,1,4,6,8,8
ACGAAGCTCTCCAC,0,0,0,0,0
ACGAAGCTCTGAGT,3,3,3,3,3
ACGACCCTATCTCT,1,4,4,5,5
ACGACCCTGATGAA,0,0,0,0,0
ACGACCCTTGACAC,3,3,3,3,3
ACGACCCTTGACCA,0,0,0,0,0
ACGAGGGACAGGAG,1,5,5,7,7
ACGAGGGACGAACT,0,0,0,0,0
ACGAGGGATGTAGC,0,0,0,2,1
ACGAGTACCCTAAG,3,3,3,3,3
ACGAGTACGAATCC,3,3,3,3,3
ACGATCGAGGACTT,2,2,2,6,6
ACGATCGAGTCACA,1,1,1,1,2
ACGATGACAATGCC,0,0,0,2,1
ACGATGACTGGTCA,0,0,0,2,1
ACGATTCTACGGGA,0,0,0,0,0
ACGCAATGGTTCAG,2,2,2,6,6
ACGCACCTGTTAGC,3,3,3,3,3
ACGCCACTGAACTC,1,1,1,1,2
ACGCCGGAAACCAC,1,1,1,1,2
ACGCCGGAAAGCCT,0,0,0,0,0
ACGCCGGAAATGCC,0,0,0,2,1
ACGCCTTGCTCCCA,1,4,4,5,5
ACGCGGTGGCGAGA,0,0,0,0,1
ACGCGGTGTGTGGT,3,3,3,3,3
ACGCGGTGTTTGCT,2,2,2,4,4
ACGCTCACAGTACC,0,0,0,0,0
ACGCTCACCCTTGC,0,0,0,0,0
ACGCTGCTGTTCTT,2,2,2,6,6
ACGGAACTCAGATC,2,2,2,6,6
ACGGAACTGTCGTA,1,4,4,5,5
ACGGAGGACTCTTA,1,1,1,1,2
ACGGATTGGGAGGT,3,3,3,3,3
ACGGATTGGTTAGC,0,0,0,2,1
ACGGCTCTGAGCAG,0,0,0,2,1
ACGGCTCTTGCACA,0,0,0,0,0
ACGGTAACCGCTAA,2,2,2,4,4
ACGGTAACCTTCGC,2,2,2,4,4
ACGGTAACGGTGGA,0,0,0,0,0
ACGGTAACTCGCAA,2,2,2,4,4
ACGGTATGAGTCGT,1,1,1,1,2
ACGGTATGGGTATC,3,3,3,3,3
ACGGTATGGTTGTG,3,3,3,3,3
ACGGTCCTAACGGG,0,0,0,2,1
ACGGTCCTCGGGAA,0,0,0,0,0
ACGTAGACAACCAC,0,0,0,2,1
ACGTAGACTACAGC,3,3,3,3,3
ACGTCAGAAACGAA,0,0,0,2,1
ACGTCAGAGAGCTT,1,1,1,1,2
ACGTCAGAGGGATG,0,0,0,0,0
ACGTCCTGATAAGG,1,1,1,1,2
ACGTCCTGTGAACC,1,1,1,1,2
ACGTCGCTCCTGAA,2,2,2,4,4
ACGTCGCTCTATTC,1,1,1,1,2
ACGTCGCTTCTCAT,3,3,3,3,3
ACGTGATGCCATGA,1,5,5,7,7
ACGTGATGGGTCTA,0,0,0,0,0
ACGTGATGTAACCG,1,4,4,5,5
ACGTGATGTGACAC,2,2,2,6,6
ACGTGCCTCCGTAA,0,0,0,2,1
ACGTGCCTTCTATC,2,2,2,4,4
ACGTTACTTTCCAT,0,0,0,0,0
ACGTTGGAAAAGCA,0,0,0,0,0
ACGTTGGAAACCTG,2,2,2,4,4
ACGTTGGACCGTAA,1,1,1,1,2
ACGTTGGAGCCAAT,2,2,2,6,6
ACGTTGGATATGGC,3,3,3,3,3
ACGTTGGATCAGGT,1,1,1,1,2
ACGTTTACATCAGC,0,0,0,0,0
ACTAAAACCCACAA,0,0,0,0,0
ACTAAAACTCGACA,1,1,1,1,2
ACTACGGAATTTCC,0,0,0,2,1
ACTACGGACCTATT,0,0,0,0,0
ACTACGGATCGCTC,0,0,0,0,0
ACTACTACTAAGGA,0,0,0,0,0
ACTAGGTGGAACCT,2,2,2,4,4
ACTAGGTGGAACTC,0,0,0,2,1
ACTATCACCTTGGA,2,2,2,4,4
ACTATCACTGCCAA,0,0,0,0,0
ACTCAGGACTGAAC,0,0,0,0,0
ACTCAGGATCTATC,3,3,3,3,3
ACTCAGGATTCGTT,1,1,1,1,2
ACTCCTCTCAACTG,0,0,0,2,1
ACTCGCACGAAAGT,1,1,1,1,2
ACTCGCACTACGAC,1,1,1,1,2
ACTCTCCTGACACT,0,0,0,0,0
ACTCTCCTGCATAC,0,0,0,0,0
ACTCTCCTGTTTGG,0,0,0,0,0
ACTGAGACAACCAC,2,2,2,4,4
ACTGAGACCCATAG,1,4,4,5,5
ACTGAGACGTTGGT,3,3,3,3,3
ACTGCCACACACGT,2,2,2,4,4
ACTGCCACTCCGTC,2,2,2,6,6
ACTGGCCTTCAGTG,2,2,2,6,6
ACTGTGGACGTGTA,2,2,2,4,4
ACTGTGGATCTAGG,3,3,3,3,3
ACTGTTACCCACAA,1,1,1,1,2
ACTGTTACTGCAGT,0,0,0,0,0
ACTTAAGAACCACA,0,0,0,0,0
ACTTAAGATTACTC,1,5,5,7,7
ACTTAGCTGCGTAT,1,4,4,5,5
ACTTAGCTGGGAGT,0,0,0,2,1
ACTTCAACAAGCAA,0,0,0,2,1
ACTTCAACGTAGGG,2,2,2,6,6
ACTTCCCTTTCCGC,0,0,0,0,0
ACTTCTGACATGCA,3,3,3,3,3
ACTTGACTCCACAA,3,3,3,3,3
ACTTGGGAGAAAGT,1,1,1,1,2
ACTTGGGAGGTTTG,0,0,0,2,1
ACTTGGGATGTGAC,1,4,4,5,5
ACTTGGGATTGACG,1,1,1,1,2
ACTTGTACCTGTCC,0,0,0,0,0
ACTTTGTGGAAAGT,0,0,0,0,0
ACTTTGTGGATAGA,1,1,1,1,2
AGAAACGAAAGTAG,3,3,3,3,3
AGAAAGTGCGCAAT,0,0,0,0,0
AGAAAGTGGGGATG,1,1,1,1,2
AGAACAGAAATGCC,2,2,2,6,6
AGAACAGACGACTA,3,3,3,3,3
AGAACAGAGACAAA,0,0,0,2,1
AGAACGCTTTGCTT,0,0,0,0,0
AGAAGATGTGACTG,0,0,0,2,1
AGAATGGAAGAAGT,2,2,2,4,4
AGAATTTGTAACCG,0,0,0,0,0
AGAATTTGTAGAGA,0,0,0,0,0
AGACACACTGTAGC,0,0,0,0,0
AGACACTGTCAAGC,1,1,1,1,2
AGACCTGAAGTAGA,1,1,1,1,2
AGACCTGACCAACA,0,0,0,2,1
AGACCTGAGGAAGC,2,2,2,4,4
AGACGTACAGAGGC,0,0,0,2,1
AGACGTACCCCTAC,3,3,3,3,3
AGACGTACCTCTTA,1,1,1,1,2
AGACGTACTCGTGA,1,4,4,5,5
AGACTGACCATCAG,2,2,2,4,4
AGACTGACCCTTTA,0,0,0,0,0
AGACTTCTCATGCA,3,3,3,3,3
AGAGATGACAGTCA,3,3,3,3,3
AGAGATGACTGAAC,0,0,0,0,0
AGAGATGAGGTTTG,1,1,1,1,2
AGAGATGATCTCGC,3,3,3,3,3
AGAGATGATTGTGG,0,0,0,0,0
AGAGCGGAGGCAAG,1,1,1,1,2
AGAGTCTGGTCGTA,1,4,4,5,5
AGAGTGCTCAGCTA,0,0,0,0,0
AGAGTGCTCGAATC,0,0,0,0,0
AGAGTGCTGTCATG,0,0,0,2,1
AGAGTGCTGTCCTC,2,2,2,4,4
AGAGTGCTGTGTTG,3,3,3,3,3
AGATATACCCGTAA,2,2,2,6,6
AGATATACGATGAA,0,0,0,2,1
AGATATACTGTTCT,3,3,3,3,3
AGATATTGCCTACC,2,2,2,4,4
AGATATTGGCCAAT,1,1,1,1,2
AGATCGTGTCTGGA,1,1,1,1,2
AGATCGTGTTTGTC,3,3,3,3,3
AGATCTCTATCACG,3,3,3,3,3
AGATTAACGTTCTT,1,4,4,5,5
AGATTCCTATCGTG,0,0,0,0,0
AGATTCCTCACTTT,1,1,1,1,2
AGATTCCTGACGAG,1,1,1,1,2
AGATTCCTGTTCAG,2,2,2,6,6
AGCAAAGATATGCG,0,0,0,0,0
AGCACAACAGTCTG,0,0,0,0,0
AGCACTGAGGGAGT,0,0,0,0,1
AGCACTGATATGCG,0,0,0,2,1
AGCACTGATGCTTT,1,5,5,7,7
AGCACTGATTGCGA,0,0,0,0,0
AGCATCGAAGATCC,0,0,0,2,1
AGCATCGAAGGGTG,3,3,3,3,3
AGCATCGAGCTTCC,1,1,1,1,2
AGCATCGAGTGAGG,0,0,0,2,1
AGCATCGATAACCG,1,1,1,1,2
AGCATGACGATGAA,2,2,2,4,4
AGCCAATGGGGAGT,1,4,4,5,5
AGCCAATGTATCTC,0,0,0,0,0
AGCCACCTGGATCT,2,2,2,4,4
AGCCGGTGCCAATG,0,0,0,2,1
AGCCGGTGTGTTTC,0,0,0,0,0
AGCCGTCTCAATCG,0,0,0,0,0
AGCCGTCTGAGAGC,0,0,0,2,1
AGCCTCACGTTCGA,0,0,0,0,0
AGCCTCACTGTCAG,1,4,4,5,5
AGCCTCTGCAGTTG,3,3,3,3,3
AGCCTCTGCCAATG,2,2,2,6,6
AGCGAACTGGATCT,0,0,0,0,0
AGCGAACTTACTGG,0,0,0,2,1
AGCGATACGGAGCA,0,0,0,0,0
AGCGATTGAGATCC,2,2,2,6,6
AGCGCCGAATCTCT,0,0,0,0,0
AGCGCCGACAGAGG,0,0,0,2,1
AGCGCTCTACCTTT,0,0,0,0,0
AGCGGCACCGGGAA,0,0,0,0,0
AGCGGCTGATGTGC,0,0,0,0,0
AGCGGGCTTGCCAA,0,0,0,0,0
AGCGTAACATGCTG,0,0,0,2,1
AGCGTAACTGAGAA,1,1,1,1,2
AGCTCGCTACTGGT,0,0,0,0,0
AGCTCGCTCTGCTC,0,0,0,0,0
AGCTGAACCATACG,1,4,4,5,5
AGCTGAACCTCTCG,0,0,0,0,0
AGCTGCCTTGGGAG,1,1,1,1,2
AGCTGCCTTTCATC,0,0,0,2,1
AGCTGCCTTTCTGT,0,0,0,2,1
AGCTGTGATCCAAG,0,0,0,0,0
AGCTTTACAAGTAG,0,0,0,0,0
AGCTTTACACCAAC,2,2,2,4,4
AGCTTTACTCTCAT,3,3,3,3,3
AGGAAATGAGGAGC,0,0,0,2,1
AGGAACCTCTTAGG,1,4,4,5,5
AGGAACCTTGCCTC,2,2,2,4,4
AGGAATGATAACGC,0,0,0,2,1
AGGAATGATTTGTC,0,0,0,2,1
AGGAGTCTGGTTTG,0,0,0,0,0
AGGAGTCTTGTCAG,0,0,0,0,0
AGGATAGACATTTC,0,0,0,2,1
AGGATAGAGGATTC,2,2,2,4,4
AGGATGCTACTAGC,3,3,3,3,3
AGGATGCTTTAGGC,2,2,2,6,6
AGGCAACTGAAGGC,0,0,0,0,0
AGGCAGGAGTACCA,2,2,2,4,4
AGGCCTCTAGTCGT,0,0,0,0,0
AGGCCTCTCGGAGA,0,0,0,2,1
AGGCCTCTCGTAAC,0,0,0,0,0
AGGGACGACGTTGA,0,0,0,0,0
AGGGACGAGTCAAC,2,2,2,6,6
AGGGACGAGTTGTG,0,0,0,0,0
AGGGACGATAGAGA,2,2,2,4,4
AGGGACGATGCATG,2,2,2,4,4
AGGGAGTGAGCCTA,0,0,0,0,0
AGGGCCACCATACG,0,0,0,0,0
AGGGCGCTAACCAC,1,1,1,1,2
AGGGCGCTATGGTC,0,0,0,2,1
AGGGTGGACAGTCA,3,3,3,3,3
AGGGTGGACTCAAG,1,1,1,1,2
AGGGTGGAGTTGCA,2,2,2,4,4
AGGGTTTGTTCATC,1,1,1,1,2
AGGTCATGAGTGTC,3,3,3,3,3
AGGTCATGCTTATC,2,2,2,4,4
AGGTCTGATTCTCA,1,4,4,5,5
AGGTGGGAAGAATG,0,0,0,2,1
AGGTGGGAAGTTCG,0,0,0,0,0
AGGTGTTGGTTACG,3,3,3,3,3
AGGTTCGAACCTCC,1,1,1,1,2
AGGTTCGAACGTAC,1,1,1,1,2
AGGTTCGAGGGTGA,0,0,0,0,0
AGTAAGGAGTTTGG,0,0,0,2,1
AGTAAGGATTCTTG,0,0,0,2,1
AGTAATACATCACG,2,2,2,6,6
AGTAATACCGAACT,3,3,3,3,3
AGTAATTGTCCCAC,0,0,0,2,1
AGTACGTGAGGGTG,0,0,0,0,0
AGTACGTGCTGCAA,0,0,0,0,0
AGTACGTGCTTGGA,0,0,0,2,1
AGTACTCTACGTGT,3,3,3,3,3
AGTACTCTCAACCA,2,2,2,4,4
AGTACTCTCGGTAT,0,0,0,2,1
AGTAGGCTTGCCTC,1,4,4,5,5
AGTATAACTTGTCT,1,4,4,5,5
AGTATCCTAGAACA,0,0,0,0,0
AGTCACGATGAGCT,2,2,2,6,6
AGTCAGACGAATAG,0,0,0,2,1
AGTCAGACGCTTAG,0,0,0,0,0
AGTCAGACTAGAGA,2,2,2,4,4
AGTCAGACTGCACA,0,0,0,2,1
AGTCCAGATATCTC,0,0,0,0,0
AGTCCAGATTTCAC,0,0,0,2,1
AGTCGAACCAACCA,0,0,0,0,0
AGTCGCCTCCGTAA,0,0,0,2,1
AGTCTACTAGGGTG,1,1,1,1,2
AGTCTACTTGCATG,1,4,4,5,5
AGTCTTACACCACA,0,0,0,0,0
AGTCTTACTTCGCC,2,2,2,4,4
AGTCTTACTTCGGA,1,4,6,8,8
AGTGACTGCAACTG,1,4,4,5,5
AGTGTTCTAACCTG,0,0,0,2,1
AGTGTTCTATAAGG,0,0,0,0,0
AGTGTTCTCACTTT,1,1,1,1,2
AGTTAAACCACTTT,0,0,0,2,1
AGTTATGAACAGTC,1,1,1,1,2
AGTTATGACTGAGT,0,0,0,2,1
AGTTATGAGTTCAG,0,0,0,2,1
AGTTCTACCAGCTA,1,1,1,1,2
AGTTCTTGAAGCCT,2,2,2,4,4
AGTTGTCTACTACG,0,0,0,0,0
AGTTTAGATGGTCA,0,0,0,0,0
AGTTTCACGGTCTA,2,2,2,4,4
AGTTTGCTACAGTC,0,0,0,0,0
AGTTTGCTACTGGT,2,2,2,6,6
AGTTTGCTCCAAGT,0,0,0,0,0
ATAAACACAGTGCT,3,3,3,3,3
ATAAACACCACCAA,0,0,0,0,0
ATAACAACATGCTG,1,1,1,1,2
ATAACAACGTCTAG,0,0,0,0,0
ATAACAACTTTGTC,0,0,0,0,0
ATAACATGTACTCT,0,0,0,2,1
ATAACCCTGTTGGT,0,0,0,0,0
ATAACCCTTGGTAC,0,0,0,2,1
ATAAGTACGAATGA,3,3,3,3,3
ATAAGTTGGTACGT,1,4,4,5,5
ATAAGTTGTCTAGG,0,0,0,2,1
ATAATCGAGCTGAT,3,3,3,3,3
ATAATCGATGGTTG,0,0,0,0,0
ATAATGACCTACTT,0,0,0,2,1
ATAATGACTCGTGA,1,1,1,1,2
ATACAATGTTAGGC,0,0,0,0,0
ATACCACTCGTACA,1,1,1,1,2
ATACCACTCTAAGC,1,5,5,7,7
ATACCACTGCCAAT,2,2,2,6,6
ATACCGGAATGCTG,1,5,5,7,7
ATACCGGACATTTC,1,1,1,1,2
ATACCGGACTTCGC,0,0,0,2,1
ATACCGGAGGTGTT,1,1,1,1,2
ATACCGGATCTCGC,0,0,0,0,0
ATACCTACGCATCA,0,0,0,2,1
ATACCTTGGGGCAA,0,0,0,0,0
ATACGGACAGACTC,1,1,1,1,2
ATACGGACCTACTT,1,1,1,1,2
ATACGGACGAGGTG,3,3,3,3,3
ATACGGACTATGCG,3,3,3,3,3
ATACGGACTCTGGA,1,1,1,1,2
ATACGTCTTAACGC,1,1,1,1,2
ATACTCTGCTTCGC,1,1,1,1,2
ATACTCTGGTATGC,2,2,2,6,6
ATAGATACCATGGT,0,0,0,2,1
ATAGATACGACGAG,0,0,0,0,0
ATAGATTGGTGTAC,3,3,3,3,3
ATAGCCGAACGGAG,0,0,0,0,0
ATAGCGTGCAGATC,0,0,0,2,1
ATAGCGTGCCCTTG,1,1,1,1,2
ATAGCGTGGTATCG,1,1,1,1,2
ATAGCGTGTCTCTA,0,0,0,2,1
ATAGCTCTCTGATG,0,0,0,0,0
ATAGCTCTGAGGTG,0,0,0,0,0
ATAGGAGAAACAGA,1,1,1,1,2
ATAGGCTGTCAGAC,0,0,0,0,0
ATAGTCCTAGTGTC,1,1,1,1,2
ATAGTCCTTGCATG,2,2,2,4,4
ATAGTCCTTGTCGA,0,0,0,0,0
ATAGTTGACAACTG,0,0,0,0,0
ATAGTTGACCCTCA,1,4,4,5,5
ATAGTTGAGACGTT,0,0,0,0,0
ATAGTTGATAAGCC,0,0,0,0,0
ATATACGAAGCCAT,0,0,0,0,0
ATATACGAATTGGC,0,0,0,2,1
ATATAGTGGAATGA,1,1,1,1,2
ATATGCCTAGATCC,1,1,1,1,2
ATATGCCTGGACAG,0,0,0,2,1
ATATGCCTTCTCTA,0,0,0,2,1
ATATGCCTTGGTAC,0,0,0,0,0
ATCAAATGAGCCTA,1,1,1,1,2
ATCAAATGGGTAAA,1,4,4,5,5
ATCAACCTAAACGA,0,0,0,2,1
ATCAACCTGAGGAC,0,0,0,0,0
ATCAACCTTCTCTA,2,2,2,4,4
ATCAACCTTTGTCT,2,2,2,4,4
ATCACACTTTGTCT,0,0,0,2,1
ATCACGGATTTCGT,3,3,3,3,3
ATCATCTGACACCA,1,4,6,8,8
ATCATGCTAGAGTA,2,2,2,4,4
ATCATGCTGAACCT,3,3,3,3,3
ATCCAGGACGCTAA,1,4,4,5,5
ATCCAGGATGGAAA,0,0,0,2,1
ATCCATACTCCTTA,1,1,1,1,2
ATCCATACTTCATC,1,4,4,5,5
ATCCCGTGCAGTCA,2,2,2,6,6
ATCCCGTGCATGCA,3,3,3,3,3
ATCCCGTGGCTGAT,3,3,3,3,3
ATCCGCACGCATCA,3,3,3,3,3
ATCCTAACGACGGA,3,3,3,3,3
ATCCTAACGCTACA,2,2,2,4,4
ATCGACGAAACTGC,1,1,1,1,2
ATCGACGAATGACC,0,0,0,0,0
ATCGAGTGGACGTT,2,2,2,4,4
ATCGCAGAATCTCT,1,4,4,5,5
ATCGCAGAGTGTCA,3,3,3,3,3
ATCGCCACTGAGGG,2,2,2,4,4
ATCGCCTGGGTCAT,0,0,0,0,0
ATCGCCTGTGGCAT,3,3,3,3,3
ATCGCGCTCAGAGG,1,1,1,1,2
ATCGCGCTGGGATG,0,0,0,2,1
ATCGCGCTTTTCGT,3,3,3,3,3
ATCGGAACCAGTCA,0,0,0,0,0
ATCGGTGAGTCAAC,0,0,0,0,0
ATCGGTGATTGCAG,0,0,0,0,0
ATCGTTTGCCTACC,1,1,1,1,2
ATCGTTTGGGTACT,1,1,1,1,2
ATCGTTTGTGCCAA,1,1,1,1,2
ATCTACACCCGCTT,1,1,1,1,2
ATCTACACCGGGAA,0,0,0,0,0
ATCTCAACAGGAGC,3,3,3,3,3
ATCTCAACCTCGAA,0,0,0,0,0
ATCTCAACCTTGTT,1,1,1,1,2
ATCTGGGAAACCAC,1,1,1,1,2
ATCTGGGAAGTGTC,1,1,1,1,2
ATCTGGGATTCCGC,2,2,2,4,4
ATCTGTTGAACGGG,0,0,0,2,1
ATCTGTTGACCTCC,0,0,0,0,0
ATCTGTTGCCTTCG,1,4,4,5,5
ATCTGTTGGTTGCA,0,0,0,2,1
ATCTTGACACCAAC,0,0,0,2,1
ATCTTGACCTCCCA,1,1,1,1,2
ATCTTTCTGCATCA,0,0,0,0,0
ATCTTTCTGTTTCT,2,2,2,4,4
ATCTTTCTTGTCCC,2,2,2,6,6
ATGAAACTCTGTGA,0,0,0,2,1
ATGAAACTGAGGCA,0,0,0,0,0
ATGAAGGAACAGCT,2,2,2,4,4
ATGAAGGACCTGTC,3,3,3,3,3
ATGAAGGACCTTAT,3,3,3,3,3
ATGAAGGACTAGTG,3,3,3,3,3
ATGAAGGACTTGCC,2,2,2,6,6
ATGACGTGACGACT,3,3,3,3,3
ATGACGTGATCGGT,1,4,4,5,5
ATGAGAGAAAGTGA,0,0,0,2,1
ATGAGAGAACGCAT,0,0,0,0,0
ATGAGAGAAGTAGA,3,3,3,3,3
ATGAGCACACAGCT,0,0,0,0,0
ATGAGCACATCTTC,0,0,0,0,0
ATGATAACTTCACT,2,2,2,6,6
ATGATATGAAACAG,0,0,0,2,1
ATGATATGACTGGT,0,0,0,0,0
ATGATATGAGCACT,0,0,0,0,0
ATGATATGGTCATG,0,0,0,0,0
ATGATATGGTGCTA,2,2,2,6,6
ATGATATGTTGTCT,1,1,1,1,2
ATGCACGAATGTCG,3,3,3,3,3
ATGCACGACTGTAG,0,0,0,2,1
ATGCACGAGAACCT,3,3,3,3,3
ATGCACGAGTTCGA,0,0,0,0,0
ATGCACGATTGGTG,1,1,1,1,2
ATGCAGTGTTACCT,3,3,3,3,3
ATGCAGTGTTCTAC,0,0,0,2,1
ATGCCAGAACGACT,0,0,0,0,0
ATGCCAGACAGTCA,1,1,1,1,2
ATGCCGCTTGAACC,1,1,1,1,2
ATGCGATGCTATGG,1,1,1,1,2
ATGCGATGCTGAGT,0,0,0,0,0
ATGCGATGGTTACG,3,3,3,3,3
ATGCGCCTTCATTC,0,0,0,0,0
ATGCTTTGCGAATC,0,0,0,2,1
ATGCTTTGGGCGAA,0,0,0,0,4
ATGCTTTGTAGTCG,3,3,3,3,3
ATGGACACATCGGT,0,0,0,2,1
ATGGACACGCATCA,2,2,2,6,6
ATGGGTACAACCTG,3,3,3,3,3
ATGGGTACATCGGT,2,2,2,6,6
ATGGGTACTATTCC,0,0,0,2,1
ATGGGTACTGGGAG,0,0,0,2,1
ATGTAAACACCTCC,0,0,0,0,0
ATGTAAACCCGCTT,0,0,0,2,1
ATGTAAACGGGATG,1,5,5,7,7
ATGTAAACTCTCCG,0,0,0,2,1
ATGTAAACTTCACT,1,1,1,1,2
ATGTACCTCAGTCA,0,0,0,0,0
ATGTACCTTAGTCG,0,0,0,2,1
ATGTACCTTTATCC,1,1,1,1,2
ATGTACCTTTCACT,2,2,2,4,4
ATGTCACTAATGCC,1,1,1,1,2
ATGTCACTCTGCTC,0,0,0,0,0
ATGTCGGAGGTGAG,0,0,0,2,1
ATGTTCACAGTCTG,1,1,1,1,2
ATGTTCACCGTAGT,0,0,0,2,1
ATGTTGCTTTCAGG,0,0,0,2,1
ATTAACGATGAGAA,2,2,2,6,6
ATTAACGATGCAAC,2,2,2,4,4
ATTAAGACTGCAGT,0,0,0,2,1
ATTACCTGCCTTAT,1,1,1,1,2
ATTACCTGGAGGAC,1,4,4,5,5
ATTAGATGTTTCAC,0,0,0,0,0
ATTATGGAATCTCT,0,0,0,2,1
ATTCAAGAACGGGA,0,0,0,0,0
ATTCAAGACCTTTA,0,0,0,2,1
ATTCAGCTCATTGG,1,4,6,8,8
ATTCCAACCATTGG,1,1,1,1,2
ATTCCAACTTAGGC,2,2,2,6,6
ATTCGACTCACTAG,2,2,2,4,4
ATTCGACTGAATAG,1,1,1,1,2
ATTCGACTTTTGTC,1,4,4,5,5
ATTCGGGAAAGGCG,1,1,1,1,2
ATTCGGGATTAGGC,0,0,0,2,1
ATTCTTCTGATACC,0,0,0,2,4
ATTGAATGGACGGA,0,0,0,0,0
ATTGATGAAGGTTC,0,0,0,0,0
ATTGATGACTGAGT,0,0,0,0,0
ATTGATGAGCGAAG,0,0,0,2,1
ATTGATGATCTATC,0,0,0,0,0
ATTGCACTGACGGA,0,0,0,0,0
ATTGCACTGAGAGC,1,4,4,5,5
ATTGCACTGGAGCA,1,1,1,1,2
ATTGCACTTAGCCA,0,0,0,2,1
ATTGCACTTGCTTT,1,4,4,5,5
ATTGCTTGTTACTC,3,3,3,3,3
ATTGGTCTGACTAC,3,3,3,3,3
ATTGGTCTTGTCTT,3,3,3,3,3
ATTGTAGATTCCCG,1,5,5,7,7
ATTGTAGATTGCAG,0,0,0,0,0
ATTGTCTGCGTACA,0,0,0,2,1
ATTTAGGAACCATG,1,4,4,5,5
ATTTAGGACAGAGG,0,0,0,2,1
ATTTCCGAGATGAA,0,0,0,2,1
ATTTCCGAGTGCTA,0,0,0,2,1
ATTTCGTGTATGGC,2,2,2,4,4
ATTTCTCTACTTTC,1,4,4,5,5
ATTTCTCTAGCAAA,0,0,0,2,1
ATTTCTCTCACTTT,1,4,4,5,5
ATTTCTCTTCCCAC,0,0,0,0,0
ATTTGCACAAGATG,1,1,1,1,2
CAAAGCACAGCTCA,0,0,0,0,0
CAAAGCACCGTAAC,3,3,3,3,3
CAAAGCACGGTAAA,2,2,2,4,4
CAAAGCTGAAAGTG,0,0,0,0,0
CAAAGCTGTTGCTT,1,1,1,1,2
CAAATATGTGACAC,0,0,0,0,0
CAAATTGAGGGCAA,0,0,0,0,0
CAAATTGATGGAGG,1,1,1,1,2
CAACCAGAAAAGTG,0,0,0,0,0
CAACCAGAAGTGCT,0,0,0,2,1
CAACCAGAGTTCAG,1,1,1,1,2
CAACCAGATAGAAG,1,1,1,1,2
CAACCGCTGTTCAG,0,0,0,0,0
CAACCGCTTTGAGC,0,0,0,2,1
CAACGATGCGCAAT,1,1,1,1,2
CAACGTGACTCCAC,1,1,1,1,2
CAACGTGAGCCATA,2,2,2,4,4
CAACGTGATCAAGC,1,1,1,1,2
CAAGAAGACCACAA,2,2,2,4,4
CAAGAAGACGTCTC,1,1,1,1,2
CAAGAAGATTCTAC,0,0,0,0,0
CAAGACTGACCTGA,3,3,3,3,3
CAAGACTGAGTAGA,3,3,3,3,3
CAAGCTGACCATAG,1,4,4,5,5
CAAGCTGATCTATC,2,2,2,4,4
CAAGGACTGTTCAG,0,0,0,0,0
CAAGGACTTCTTTG,2,2,2,4,4
CAAGGTTGCTCCAC,0,0,0,2,1
CAAGGTTGTCATTC,3,3,3,3,3
CAAGGTTGTCTGGA,2,2,2,6,6
CAAGTCGAAACAGA,3,3,3,3,3
CAAGTCGATAGCGT,1,1,1,1,2
CAATAAACGCCATA,1,1,1,1,2
CAATAATGAACTGC,1,1,1,1,2
CAATATGACATGGT,0,0,0,2,1
CAATATGACCTTCG,2,2,2,4,4
CAATATGACGTTAG,0,0,0,0,0
CAATATGAGGAGCA,0,0,0,0,1
CAATCGGAGAAACA,0,0,0,0,0
CAATCTACTGACTG,2,2,2,6,6
CAATTCACCCAACA,2,2,2,4,4
CAATTCACGATAGA,0,0,0,0,0
CAATTCACTTGTGG,0,0,0,0,0
CAATTCTGCTTGTT,1,1,1,1,2
CAATTCTGGCGTAT,1,4,4,5,5
CACAACGATACGAC,0,0,0,0,0
CACAATCTTGTTCT,2,2,2,4,4
CACAATCTTTCCAT,0,0,0,2,1
CACACCTGCTTGAG,0,0,0,0,0
CACACCTGTATGGC,0,0,0,0,0
CACAGAACCCTTGC,3,3,3,3,3
CACAGAACCTGATG,0,0,0,2,1
CACAGATGGGATTC,0,0,0,2,1
CACAGATGGTTTCT,1,1,1,1,2
CACAGCCTGATACC,2,2,2,4,4
CACAGCCTTGCCAA,1,4,4,5,5
CACAGCCTTGTAGC,0,0,0,0,0
CACAGTGATGAAGA,1,1,1,1,2
CACATACTACAGCT,2,2,2,4,4
CACATGGAACACGT,0,0,0,0,0
CACATGGAAGTCGT,0,0,0,0,0
CACCACTGCCAACA,0,0,0,0,0
CACCACTGGCGAAG,2,2,2,6,6
CACCCATGTTCTGT,0,0,0,0,0
CACCGGGAATCGAC,0,0,0,2,1
CACCGGGACGAGAG,2,2,2,4,4
CACCGGGACGTGTA,0,0,0,0,0
CACCGGGACTTCTA,0,0,0,2,1
CACCGGGACTTGCC,2,2,2,4,4
CACCGGGATTCGGA,2,2,2,4,4
CACCGTACTAAGGA,3,3,3,3,3
CACCGTACTAGCGT,0,0,0,0,0
CACCTGACACCCAA,2,2,2,4,4
CACCTGACCAGAAA,0,0,0,2,1
CACCTGACCTCAAG,2,2,2,4,4
CACCTGACGAAAGT,3,3,3,3,3
CACCTGACTCGTAG,0,0,0,0,0
CACGAAACTTCCGC,3,3,3,3,3
CACGACCTCGATAC,3,3,3,3,3
CACGCTACAGAAGT,0,0,0,0,0
CACGCTACTGTTCT,3,3,3,3,3
CACGGGACAGAGTA,0,0,0,0,0
CACGGGACATAAGG,0,0,0,0,0
CACGGGACGTAGGG,0,0,0,2,1
CACGGGTGCTTCGC,2,2,2,4,4
CACGGGTGGAGGAC,2,2,2,6,6
CACGGGTGTGTTTC,0,0,0,0,0
CACTAACTCCTAAG,3,3,3,3,3
CACTAACTGAAAGT,0,0,0,0,0
CACTAGGATGATGC,3,3,3,3,3
CACTATACCCCGTT,3,3,3,3,3
CACTATACGTTTGG,2,2,2,4,4
CACTGAGACAGTCA,1,1,1,1,2
CACTGCACTTCATC,0,0,0,2,1
CACTGCTGAGACTC,1,4,4,5,5
CACTGCTGGAAAGT,0,0,0,2,1
CACTTAACCGAATC,0,0,0,2,1
CACTTAACCGTACA,3,3,3,3,3
CACTTTGACTCTAT,2,2,2,4,4
CACTTTGAGCTGTA,0,0,0,0,0
CAGAAGCTCTCAAG,0,0,0,0,0
CAGACATGAACGGG,0,0,0,0,0
CAGACATGTCGACA,0,0,0,2,1
CAGACCCTAAGGTA,1,4,4,5,5
CAGACCCTAATGCC,0,0,0,0,0
CAGACCCTAGGAGC,0,0,0,0,1
CAGACTGAGTATGC,0,0,0,0,0
CAGATCGAATGTCG,3,3,3,3,3
CAGATCGACCTGAA,0,2,2,4,4
CAGATCGATATGGC,0,0,0,2,1
CAGATGACATTCTC,2,2,2,6,6
CAGCAATGCCTTCG,0,0,0,0,0
CAGCAATGGAGGGT,2,2,2,6,6
CAGCAATGGTGCTA,0,0,0,0,0
CAGCAATGTCTACT,1,1,1,1,2
CAGCAATGTGACCA,0,0,0,2,1
CAGCAATGTGAGGG,1,1,1,1,2
CAGCACCTAAGCCT,0,0,0,0,0
CAGCACCTAGGCGA,0,0,0,0,0
CAGCACCTGTAGGG,1,1,1,1,2
CAGCATGACAACCA,1,1,1,1,2
CAGCATGAGACGTT,2,2,2,4,4
CAGCCTACCCAACA,0,0,0,2,1
CAGCCTTGCTACCC,1,1,1,1,2
CAGCCTTGGGGACA,0,0,0,2,1
CAGCGGACACCCTC,0,0,0,0,0
CAGCGGACCTTTAC,2,2,2,6,6
CAGCGTCTAAAGCA,0,0,0,2,1
CAGCGTCTTATCGG,0,0,0,2,1
CAGCTAGATGTGAC,1,1,1,1,2
CAGCTCTGAGGCGA,0,0,0,2,1
CAGCTCTGCAAGCT,2,2,2,4,4
CAGCTCTGTCGTAG,1,1,1,1,2
CAGCTCTGTGTGGT,2,2,2,6,6
CAGGAACTAACTGC,2,2,2,4,4
CAGGAACTCTCAGA,1,1,1,1,2
CAGGCCGAACACCA,0,0,0,0,0
CAGGCCGAACACGT,0,0,0,2,1
CAGGCCGAACGACT,0,0,0,0,0
CAGGCCGAATCTCT,1,4,4,5,5
CAGGCCGACTAGCA,3,3,3,3,3
CAGGGCACCATACG,3,3,3,3,3
CAGGGCACCCAACA,0,0,0,0,0
CAGGGCACTCCCGT,0,0,0,2,1
CAGGTAACAGACTC,1,1,1,1,2
CAGGTATGAGTCGT,0,0,0,0,0
CAGGTATGTGCTTT,0,0,0,2,1
CAGGTTGAGGATCT,3,3,3,3,3
CAGTGATGGACGGA,3,3,3,3,3
CAGTGATGGCTAAC,2,2,2,4,4
CAGTGATGGGACAG,0,0,0,2,1
CAGTGATGTAAGGA,3,3,3,3,3
CAGTGATGTACGCA,3,3,3,3,3
CAGTGTGATGTCAG,0,0,0,0,0
CAGTTACTAAGGTA,3,3,3,3,3
CAGTTACTGATAGA,0,0,0,2,1
CAGTTGGAAAGAGT,1,1,1,1,2
CAGTTGGACATACG,0,0,0,0,1
CAGTTTACACACGT,2,2,2,6,6
CAGTTTACCCCAAA,0,0,0,0,0
CATAAAACGGAGCA,1,1,1,1,2
CATAAATGAACTGC,0,0,0,0,0
CATAACCTTCTCCG,0,0,0,2,1
CATACTACCTCGAA,0,0,0,0,0
CATACTACCTGAAC,0,0,0,0,0
CATACTACGTACCA,1,1,1,1,2
CATACTTGGGTTAC,1,4,4,5,5
CATAGTCTAATCGC,0,0,0,0,0
CATAGTCTCACTTT,0,0,0,0,0
CATATAGACTAAGC,1,5,5,7,7
CATATAGATCAGGT,3,3,3,3,3
CATCAACTAGAAGT,0,0,0,2,1
CATCAACTCCCTCA,0,0,0,0,0
CATCAGGACTTCCG,2,2,2,6,6
CATCAGGATAGCCA,2,2,2,6,6
CATCAGGATCCTAT,1,4,4,5,5
CATCAGGATGCACA,1,1,1,1,2
CATCAGGATTTCGT,1,1,1,1,2
CATCATACCGCATA,1,1,1,1,2
CATCATACGGAGCA,3,3,3,3,3
CATCATACTCAAGC,0,0,0,0,0
CATCGCTGGGATCT,0,0,0,2,1
CATCGCTGTGGCAT,3,3,3,3,3
CATCGGCTATGCTG,0,0,0,2,1
CATCGGCTTTGGCA,0,0,0,2,1
CATCTCCTATGTGC,3,3,3,3,3
CATCTCCTCGAACT,1,1,1,1,2
CATGAGACACGGGA,3,3,3,3,3
CATGAGACGTTGAC,2,2,2,6,6
CATGAGACTCGCCT,0,0,0,0,0
CATGCCACGGGTGA,0,0,0,0,0
CATGCCACTGCCAA,0,0,0,2,1
CATGCGCTAGTCAC,1,4,4,5,5
CATGCGCTCAGATC,1,1,1,1,2
CATGCGCTTTGCAG,1,4,4,5,5
CATGGCCTAGGGTG,1,1,1,1,2
CATGGCCTGTGCAT,0,0,0,0,0
CATGTACTATCGTG,2,2,2,4,4
CATGTTACAGTCGT,2,2,2,4,4
CATGTTACCTGAGT,0,0,0,2,1
CATGTTTGGGGATG,1,1,1,1,2
CATTACACACGGAG,3,3,3,3,3
CATTACACCAACTG,2,2,2,6,6
CATTACACGGAGTG,0,0,0,0,0
CATTACACTACTCT,0,0,0,0,0
CATTAGCTCCACAA,1,1,1,1,2
CATTGACTAGCGGA,1,1,1,1,2
CATTGGGACTCGAA,0,0,0,0,0
CATTGTACAGCGTT,0,0,0,0,0
CATTGTACTCGATG,3,3,3,3,3
CATTGTACTTATCC,0,0,0,0,0
CATTGTACTTTGCT,1,4,4,5,5
CATTGTTGCTAGTG,0,0,0,0,0
CATTTCGACTCTAT,2,2,2,4,4
CATTTCGAGATACC,2,2,2,6,6
CATTTGACCACACA,2,2,2,4,4
CATTTGACCCTGAA,2,2,2,4,4
CATTTGTGACGACT,3,3,3,3,3
CATTTGTGCATTGG,0,0,0,0,0
CATTTGTGCGGAGA,0,0,0,0,0
CATTTGTGGGATCT,3,3,3,3,3
CCAAAGTGCTACGA,1,1,1,1,2
CCAAAGTGTGAGAA,1,1,1,1,2
CCAACCTGAAGTAG,2,2,2,4,4
CCAACCTGACGTAC,1,1,1,1,2
CCAACCTGTTCGCC,1,1,1,1,2
CCAAGAACCCAATG,0,0,0,2,1
CCAAGAACGTAGCT,0,0,0,0,0
CCAAGAACGTGTCA,0,0,0,0,0
CCAAGAACTACTGG,2,2,2,4,4
CCAAGAACTCCTAT,3,3,3,3,3
CCAAGATGTCATTC,0,0,0,0,0
CCAAGATGTTTCAC,0,0,0,2,1
CCAAGTGAGGAACG,0,0,0,0,0
CCAAGTGATCAAGC,0,0,0,0,1
CCAATTTGAACGTC,1,1,1,1,2
CCACCATGAACGTC,0,0,0,0,0
CCACCATGATCGGT,0,0,0,0,0
CCACCATGGACGAG,1,4,4,5,5
CCACCATGGGGAGT,0,0,0,0,0
CCACCATGTCCTGC,2,2,2,4,4
CCACTGACCCGCTT,1,1,1,1,2
CCACTGTGGGAAGC,1,1,1,1,2
CCACTGTGTGTAGC,0,0,0,0,0
CCACTTCTCGGGAA,1,1,1,1,2
CCAGAAACCCTGTC,3,3,3,3,3
CCAGAAACGAACTC,0,0,0,2,1
CCAGAAACGGTCTA,0,0,0,0,0
CCAGACCTCTGAGT,1,1,1,1,2
CCAGACCTTGTGGT,0,0,0,0,0
CCAGCACTGCGATT,1,4,4,5,5
CCAGCGGAAAGGCG,1,1,1,1,2
CCAGCGGACGACTA,1,1,1,1,2
CCAGCGGATGGGAG,0,0,0,0,1
CCAGCTACACAGTC,0,0,0,0,0
CCAGCTACCAGCTA,3,3,3,3,3
CCAGGTCTACACCA,3,3,3,3,3
CCAGGTCTAGCATC,1,1,1,1,2
CCAGGTCTATGGTC,0,0,0,2,1
CCAGTCACACTGGT,1,1,1,1,2
CCAGTCACACTGTG,3,3,3,3,3
CCAGTCACGTTGTG,0,0,0,0,0
CCAGTGCTAACCAC,0,0,0,2,1
CCAGTGCTCGTAGT,0,0,0,2,1
CCATCCGAAAGCAA,0,0,0,0,1
CCATCCGAACGACT,0,0,0,0,0
CCATCCGAAGGTTC,3,3,3,3,3
CCATCCGATTCGCC,1,1,1,1,2
CCATCGTGAACGGG,0,0,0,2,1
CCATCGTGCTAGAC,1,4,4,5,5
CCCAACACCTCGCT,3,3,3,3,3
CCCAACACGCATCA,0,0,0,0,0
CCCAACACTTTGTC,1,1,1,1,2
CCCAACTGCAATCG,1,1,1,1,2
CCCAGACTGCCTTC,1,1,1,1,2
CCCAGACTGGTTTG,3,3,3,3,3
CCCAGACTTTCGCC,1,4,4,5,5
CCCAGTTGCAGTTG,1,1,1,1,2
CCCAGTTGGGTACT,2,2,2,4,4
CCCAGTTGTCTATC,3,3,3,3,3
CCCGATTGTGTTTC,0,0,0,2,1
CCCGGAGAAGGGTG,1,1,1,1,2
CCCTACGAATTGGC,1,1,1,1,2
CCCTAGTGCAAAGA,0,0,0,2,1
CCCTCAGACACTTT,3,3,3,3,3
CCCTCAGACGAGAG,0,0,0,0,0
CCCTCAGAGGTCAT,0,0,0,0,0
CCCTGAACTAAAGG,3,3,3,3,3
CCCTGATGCAACCA,0,0,0,0,0
CCCTGATGCAAGCT,3,3,3,3,3
CCCTTACTAACCAC,1,1,1,1,2
CCCTTACTGCAGTT,0,0,0,0,0
CCGAAAACCTTGTT,1,4,4,5,5
CCGACACTGGTTTG,0,0,0,2,1
CCGACTACCCAGTA,1,1,1,1,2
CCGACTACCGTGTA,0,0,0,0,0
CCGACTACTGAGGG,0,0,0,2,1
CCGATAGACCTAAG,0,0,0,0,0
CCGATAGAGTTGGT,1,1,1,1,2
CCGCGAGACACACA,1,1,1,1,2
CCGCGAGAGGTTCA,2,2,2,4,4
CCGCTATGGGACGA,3,3,3,3,3
CCGCTATGTGCAAC,1,1,1,1,2
CCGCTATGTGCACA,1,1,1,1,2
CCGGTACTGTCCTC,0,0,0,0,0
CCGTACACAAGCAA,0,0,0,0,0
CCGTACACAGCGTT,3,3,3,3,3
CCGTACACGTCATG,2,2,2,4,4
CCGTACACGTTGGT,1,1,1,1,2
CCGTACACTAACGC,2,2,2,4,4
CCTAAACTTTCGTT,0,0,0,0,0
CCTAAGGACCCAAA,0,0,0,0,0
CCTAAGGACTAGCA,1,1,1,1,2
CCTAAGGAGGGCAA,0,0,0,0,0
CCTAAGGATGATGC,0,0,0,0,0
CCTAAGGATGTCAG,0,0,0,0,0
CCTACCGACTCTTA,0,0,0,0,0
CCTACCGAGGGATG,3,3,3,3,3
CCTAGAGAGGTGAG,3,3,3,3,3
CCTATAACCAAAGA,0,0,0,0,0
CCTATAACGAGACG,1,4,4,5,5
CCTATAACTCAGAC,0,0,0,0,0
CCTATAACTGCATG,1,4,4,5,5
CCTCGAACACTTTC,2,2,2,6,6
CCTCGAACCCGTAA,1,4,4,5,5
CCTCGAACGTATCG,0,0,0,0,0
CCTCGAACTTACTC,0,0,0,2,1
CCTCTACTCTTCGC,1,1,1,1,2
CCTCTACTGGCATT,0,0,0,0,0
CCTGACTGAAGTAG,2,2,2,4,4
CCTGACTGGGGAGT,0,0,0,0,0
CCTGACTGTGTCTT,3,3,3,3,3
CCTGCAACACGTTG,1,1,1,1,2
CCTGGACTCGTGAT,0,0,0,2,1
CCTTAATGCCCAAA,3,3,3,3,3
CCTTAATGTTCTAC,1,4,4,5,5
CCTTCACTACGACT,0,0,0,0,0
CCTTCACTCAGTCA,3,3,3,3,3
CCTTCACTGGAGTG,1,1,1,1,2
CCTTTAGATTCATC,1,1,1,1,2
CGAACATGCCCTAC,1,1,1,1,2
CGAACATGTCAGAC,0,0,0,2,1
CGAAGACTGGAACG,2,2,2,4,4
CGAAGACTGTTACG,0,0,0,2,1
CGAAGGGAAACCTG,2,2,2,4,4
CGAAGGGATCCGAA,3,3,3,3,3
CGAAGTACCAACTG,3,3,3,3,3
CGAATCGAGGAGCA,1,1,1,1,2
CGAATCGAGGAGGT,0,0,0,0,0
CGACAAACCCATAG,0,0,0,0,0
CGACAAACCGACAT,3,3,3,3,3
CGACCACTAAAGTG,2,2,2,6,6
CGACCACTGCCAAT,2,2,2,6,6
CGACCGGAAGGTCT,0,0,0,0,0
CGACCGGATGGAAA,0,0,0,2,1
CGACCTTGCTAGTG,0,0,0,2,1
CGACGTCTATCGTG,0,0,0,4,4
CGACGTCTCGTGTA,0,0,0,2,1
CGACGTCTGAGGCA,0,0,0,0,0
CGACTCACGTCGTA,0,0,0,0,0
CGACTCACGTTGCA,0,0,0,0,0
CGACTCTGTGTGAC,0,0,0,2,1
CGACTGCTTCCTCG,1,1,1,1,2
CGAGAACTAAGGCG,2,2,2,4,4
CGAGAACTACGTTG,0,0,0,0,0
CGAGAACTTGTTCT,1,1,1,1,2
CGAGATTGGACACT,2,2,2,4,4
CGAGATTGGCCATA,0,0,0,0,4
CGAGCCGAACACCA,0,0,0,2,1
CGAGCCGAGGCGAA,0,0,0,2,1
CGAGCGTGCTCCAC,0,0,0,2,1
CGAGCGTGGATACC,0,0,0,2,1
CGAGCGTGTATGCG,1,1,1,1,2
CGAGGAGACCTCCA,3,3,3,3,3
CGAGGAGATGTCGA,0,0,0,0,0
CGAGGCACCTATGG,2,2,2,4,4
CGAGGCACTATGCG,1,1,1,1,2
CGAGGCACTCTTCA,2,2,2,4,4
CGAGGCTGACGCTA,2,2,2,6,6
CGAGGCTGGCAGTT,1,1,1,1,2
CGAGGGCTACGACT,3,3,3,3,3
CGAGGGCTCGAATC,0,0,0,0,0
CGAGTATGTCACCC,1,4,4,5,5
CGATACGAACAGTC,1,1,1,1,2
CGATACGACAGGAG,0,0,0,2,1
CGATACGATTCACT,3,3,3,3,3
CGATAGACCCGTAA,1,1,1,1,2
CGATAGACCGTACA,0,0,0,2,1
CGATAGACGTAGGG,1,1,1,1,2
CGATAGACTGTTCT,0,0,0,0,0
CGATCAGAAGAACA,2,2,2,4,4
CGATCAGAGAGGGT,0,0,0,0,0
CGATCAGAGGTACT,0,0,0,2,1
CGATCAGATGTGAC,1,5,5,7,7
CGATCCACCGGGAA,2,2,2,4,4
CGATCCACTTCCAT,3,3,3,3,3
CGCAAATGCTCGAA,0,0,0,0,0
CGCAACCTCCTTGC,0,0,0,0,0
CGCAACCTGGACGA,0,0,0,0,0
CGCACGGAGGACGA,3,3,3,3,3
CGCACGGATCTTTG,0,0,0,0,0
CGCACTACAGAATG,0,0,0,0,0
CGCACTACAGCCAT,0,0,0,2,1
CGCACTACATTGGC,0,0,0,2,1
CGCACTACTCGCCT,3,3,3,3,3
CGCACTACTCGTGA,2,2,2,4,4
CGCACTTGTCACGA,1,1,1,1,2
CGCAGGACAGATCC,2,2,2,4,4
CGCAGGACCTACTT,0,0,0,0,0
CGCAGGACTTGTCT,1,4,4,5,5
CGCAGGTGCACTGA,0,0,0,2,1
CGCAGGTGCCATAG,1,4,4,5,5
CGCAGGTGGGAACG,0,0,0,2,1
CGCATAGATCACGA,1,1,1,1,2
CGCCATACTGCAAC,0,0,0,2,1
CGCCATTGAGAGGC,0,0,0,0,0
CGCCATTGCTATGG,0,0,0,2,1
CGCCATTGGAGACG,0,0,0,2,1
CGCCATTGGAGCAG,3,3,3,3,3
CGCCATTGTACTGG,3,3,3,3,3
CGCCGAGAGCTTAG,2,2,2,6,6
CGCCTAACGAATGA,1,1,1,1,2
CGCCTAACTGCTCC,0,0,0,2,1
CGCGAGACACAGCT,0,0,0,2,1
CGCGAGACAGGTCT,3,3,3,3,3
CGCGAGACGCTACA,0,0,0,2,1
CGCGATCTCAGTCA,1,1,1,1,2
CGCGATCTGTTGAC,1,1,1,1,2
CGCGATCTTTCTTG,3,3,3,3,3
CGCGGATGGCCAAT,0,0,0,2,1
CGCTAAGAATGTCG,0,0,0,2,1
CGCTAAGACAACTG,0,0,0,0,0
CGCTAAGACCCTTG,0,0,0,0,0
CGCTACTGAACAGA,1,1,1,1,2
CGCTACTGAGAACA,0,0,0,0,0
CGCTACTGTGAGCT,0,0,0,0,0
CGCTACTGTTCCCG,2,2,2,4,4
CGCTCATGCATTTC,1,1,1,1,2
CGGAATTGGTTTGG,0,0,0,2,1
CGGAATTGTGGAGG,0,0,0,2,1
CGGACCGATGCGTA,2,2,2,4,4
CGGACCGATGGGAG,0,0,0,0,0
CGGACTCTAAACAG,3,3,3,3,3
CGGACTCTCCAATG,0,0,0,2,1
CGGACTCTCCTCGT,2,2,2,4,4
CGGAGGCTATTCCT,0,0,0,0,0
CGGAGGCTTGGATC,0,0,0,0,0
CGGATAACAACGAA,1,1,1,1,2
CGGATAACAGCTCA,0,0,0,2,1
CGGATAACTCAGTG,1,1,1,1,2
CGGCACGAACTCAG,2,2,2,4,4
CGGCACGAAGGGTG,0,0,0,0,0
CGGCACGACTACGA,1,4,4,5,5
CGGCATCTTAGAAG,2,2,2,4,4
CGGCATCTTCGTAG,1,1,1,1,2
CGGCCAGAAAGGTA,0,0,0,0,0
CGGCCAGAGAGGCA,2,2,2,4,4
CGGCGAACCAGTCA,1,1,1,1,2
CGGCGAACGACAAA,2,2,2,6,6
CGGCGAACGGTCTA,0,0,0,2,1
CGGCGAACTACTTC,2,2,2,6,6
CGGGACTGCGTGTA,0,0,0,0,0
CGGGACTGGAATAG,2,2,2,4,4
CGGGCATGACCCAA,0,0,0,0,4
CGGGCATGTCTCTA,2,2,2,6,6
CGGGCATGTTGTGG,0,0,0,0,0
CGGTAAACTCGCAA,0,0,0,2,1
CGGTCACTGTTTGG,0,0,0,2,1
CGGTCACTTACTTC,0,0,0,2,1
CGTAACGATCGCCT,0,0,0,2,1
CGTACCACACACAC,0,0,0,2,1
CGTACCACACGTTG,0,0,0,0,0
CGTACCACCTCATT,0,0,0,0,0
CGTACCACGGAGCA,0,0,0,0,0
CGTACCTGGCATCA,2,2,2,6,6
CGTAGCCTCTCTCG,1,1,1,1,2
CGTAGCCTGCGAAG,0,0,0,2,1
CGTAGCCTGTATGC,1,1,1,1,2
CGTCAAGAAAGGTA,1,1,1,1,2
CGTCAAGAACGTGT,0,0,0,0,0
CGTCAAGACAGAGG,0,0,0,2,1
CGTCAAGACAGGAG,2,2,2,4,4
CGTCCATGCTCTTA,0,0,0,0,0
CGTCGACTTTCCGC,2,2,2,4,4
CGTGATGACGCTAA,0,0,0,0,0
CGTGATGAGGTTCA,0,0,0,4,4
CGTGCACTTATGGC,1,1,1,1,2
CGTGTAGAAAAACG,0,0,0,2,1
CGTGTAGACGATAC,2,2,2,6,6
CGTGTAGAGTTACG,2,2,2,6,6
CGTGTAGAGTTCAG,1,1,1,1,2
CGTGTAGATTCGGA,2,2,2,6,6
CGTTAGGAAACCAC,0,0,0,0,1
CGTTAGGATCATTC,1,1,1,1,2
CGTTATACCCTGAA,2,2,2,4,4
CGTTTAACTGGTCA,0,0,0,2,1
CTAAACCTCTGACA,2,2,2,6,6
CTAAACCTGTGCAT,3,3,3,3,3
CTAACACTAACGTC,0,0,0,2,1
CTAACACTAGTGCT,1,1,1,1,2
CTAACGGAACCGAT,2,2,2,6,6
CTAACGGATTTCTG,0,0,0,0,0
CTAACTACGGCAAG,0,0,0,0,0
CTAAGGACACCATG,0,0,0,0,0
CTAAGGACCGTTAG,0,0,0,2,1
CTAAGGACGCCATA,1,1,1,1,2
CTAAGGTGCCTAAG,3,3,3,3,3
CTAAGGTGTTGCAG,0,0,0,2,1
CTAAGGTGTTTCTG,0,0,0,0,0
CTAATAGAGCTATG,0,0,0,0,0
CTAATGCTTGTGGT,1,1,1,1,2
CTACAACTCCCGTT,2,2,2,4,4
CTACCTCTCAACCA,0,0,0,2,1
CTACGCACACCTAG,1,4,4,5,5
CTACGCACTCTCCG,0,0,0,2,1
CTACGCACTGGTCA,2,2,2,6,6
CTACGGCTTTCTTG,1,1,1,1,2
CTACTATGAACCAC,1,1,1,1,2
CTACTATGATGTGC,1,1,1,1,2
CTACTATGCTAAGC,0,0,0,2,1
CTACTATGTAAAGG,3,3,3,3,3
CTACTCCTATGTCG,2,2,2,6,6
CTACTCCTGCCATA,1,1,1,1,2
CTAGAGACACTTTC,0,0,0,2,1
CTAGAGACAGCATC,2,2,2,4,4
CTAGAGACTTTGGG,1,4,4,5,5
CTAGATCTCTCTAT,0,0,0,2,1
CTAGATCTTCGACA,0,0,0,2,1
CTAGGATGAGCCTA,3,3,3,3,3
CTAGGATGATCGTG,3,3,3,3,3
CTAGGCCTCTCAGA,0,0,0,2,1
CTAGGTGATGGTTG,1,4,4,5,5
CTAGTTACCAGAGG,0,0,0,0,0
CTAGTTACCGCATA,0,0,0,2,1
CTAGTTACGAAACA,2,2,2,6,6
CTATAAGATCGTTT,3,3,3,3,3
CTATACTGAGGTTC,1,1,1,1,2
CTATACTGCCAGTA,0,0,0,0,0
CTATACTGCGCTAA,1,1,1,1,2
CTATACTGCTACGA,2,2,2,6,6
CTATACTGTCTCAT,2,2,2,6,6
CTATACTGTTCGTT,0,0,0,0,0
CTATAGCTGTCACA,0,0,0,0,0
CTATAGCTTCGCTC,1,1,1,1,2
CTATAGCTTGCCTC,1,1,1,1,2
CTATCAACGAACTC,0,0,0,0,0
CTATCAACGCAGAG,0,0,0,2,1
CTATCAACTTTGGG,0,0,0,0,0
CTATCCCTCCACCT,1,1,1,1,2
CTATGTACGAGAGC,0,0,0,0,1
CTATGTACGCTTAG,0,0,0,0,0
CTATGTACTGTTTC,3,3,3,3,3
CTATGTTGAAAGCA,0,0,0,2,1
CTATGTTGTCCTCG,0,0,0,0,0
CTATGTTGTCTCGC,0,0,0,2,1
CTATTGACAAACGA,1,1,1,1,2
CTATTGACACTGGT,1,1,1,1,2
CTATTGACGGTGAG,1,1,1,1,2
CTATTGTGGCAAGG,0,0,0,0,0
CTCAATTGGTTCAG,0,0,0,2,1
CTCAATTGGTTGCA,1,1,1,1,2
CTCAGAGATAGAAG,0,0,0,0,0
CTCAGCACTCTAGG,0,0,0,2,1
CTCAGCACTGAACC,1,1,1,1,2
CTCAGCACTTGCAG,0,0,0,0,0
CTCAGCTGAACCTG,1,1,1,1,2
CTCAGCTGCAGTTG,0,0,0,0,0
CTCAGGCTCGTTGA,1,4,4,5,5
CTCAGGCTGCTAAC,0,0,0,0,0
CTCATTGACCTTAT,0,0,0,2,1
CTCATTGATGCTTT,1,4,4,5,5
CTCCACGAGAGATA,1,5,5,7,7
CTCCATCTCTTAGG,0,0,0,0,0
CTCCATCTGACGAG,0,0,0,0,0
CTCCGAACAAGTGA,1,4,4,5,5
CTCCTACTGCCTTC,1,1,1,1,2
CTCGAAGATGTGGT,0,0,0,0,0
CTCGAAGATTAGGC,1,1,1,1,2
CTCGACTGCTCTAT,0,0,0,0,0
CTCGACTGGGTGAG,0,0,0,0,0
CTCGACTGGTTGAC,2,2,2,6,6
CTCGAGCTCTGGAT,2,2,2,4,4
CTCGCATGACTTTC,2,2,2,4,4
CTCGCATGCTTAGG,0,0,0,0,0
CTCTAAACCTCGAA,0,0,0,0,0
CTCTAAACGGCGAA,0,0,0,0,0
CTCTAATGTCCAAG,1,1,1,1,2
CTGAACGACAGTCA,0,0,0,2,1
CTGAACGATGAGGG,0,0,0,2,1
CTGAAGACCCAACA,0,0,0,2,1
CTGAAGACGTGCAT,3,3,3,3,3
CTGAAGTGAAGCCT,1,4,4,5,5
CTGAAGTGCAGCTA,3,3,3,3,3
CTGAAGTGGCTATG,0,0,0,0,0
CTGAAGTGTCCAGA,0,0,0,0,0
CTGAATCTGAATAG,0,0,0,2,1
CTGACAGAATCGTG,2,2,2,4,4
CTGACCACAGCAAA,0,0,0,0,0
CTGAGAACCGGGAA,0,0,0,2,1
CTGAGAACGTAAAG,2,2,2,6,6
CTGATACTAGTAGA,0,0,0,0,0
CTGATTTGGTGTTG,1,1,1,1,2
CTGCAGCTAACCGT,0,0,0,0,0
CTGCAGCTGACACT,0,0,0,0,0
CTGCAGCTGGATTC,1,4,4,5,5
CTGCAGCTTGGCAT,2,2,2,4,4
CTGCCAACAGGAGC,0,0,0,2,1
CTGCCAACCAGCTA,0,0,0,0,0
CTGCCAACTAACCG,1,1,1,1,2
CTGCCAACTGCTCC,2,2,2,4,4
CTGCCAACTTGCAG,0,0,0,0,0
CTGCCAACTTGCTT,2,2,2,4,4
CTGCGACTCCACCT,0,0,0,0,0
CTGGAAACAAACGA,2,2,2,4,4
CTGGAAACATCGAC,0,0,0,0,0
CTGGATGACTGGAT,2,2,2,4,4
CTGGATGACTTGTT,0,0,0,2,1
CTGGATGATGTGAC,3,3,3,3,3
CTGGCACTCAAGCT,1,1,1,1,2
CTGTAACTAACCAC,0,0,0,2,1
CTGTAACTAGCGTT,0,0,0,0,0
CTGTATACGTAAAG,0,0,0,0,0
CTGTATACGTACGT,1,1,1,1,2
CTGTATACGTTGGT,0,0,0,0,1
CTGTGAGACAACCA,1,4,4,5,5
CTGTGAGACCTTGC,2,2,2,4,4
CTGTGAGACGAACT,1,1,1,1,2
CTGTGAGACTGTAG,1,1,1,1,2
CTTAAAGAACCTGA,0,0,0,0,0
CTTAACACCTGTAG,0,0,0,0,0
CTTAACACTATCGG,3,3,3,3,3
CTTAAGCTACCTAG,0,0,0,0,0
CTTAAGCTAGTACC,0,0,0,0,0
CTTAAGCTCATCAG,0,0,0,0,0
CTTAAGCTCCGCTT,3,3,3,3,3
CTTACAACTAACGC,0,0,0,0,0
CTTACAACTCCCGT,1,1,1,1,2
CTTACTGACGTACA,0,0,0,0,0
CTTAGACTAAACGA,0,0,0,2,1
CTTAGGGACTTGCC,0,0,0,2,1
CTTAGGGAGAATCC,0,0,0,0,0
CTTATCGACTCATT,0,0,0,2,1
CTTCACCTACCTGA,1,4,4,5,5
CTTCATGAAGCATC,3,3,3,3,3
CTTCATGAAGTACC,0,0,0,0,0
CTTCATGACCGAAT,0,0,0,0,0
CTTGAACTACGCAT,0,0,0,0,0
CTTGATTGAGGTTC,2,2,2,4,4
CTTGATTGATCTTC,1,1,1,1,2
CTTGATTGCATTCT,0,0,0,2,1
CTTGATTGTTTCGT,0,0,0,2,1
CTTGTATGACACCA,3,3,3,3,3
CTTGTATGCGCAAT,3,3,3,3,3
CTTTACGAGCGAAG,0,0,0,0,0
CTTTAGACCGTGAT,0,0,0,0,0
CTTTAGACGAGACG,0,0,0,0,0
CTTTAGACGATACC,0,0,0,0,0
CTTTAGACGTTGGT,2,2,2,4,4
CTTTAGACTCATTC,2,2,2,4,4
CTTTAGTGACGGGA,2,2,2,6,6
CTTTAGTGGGTGGA,0,0,0,0,0
CTTTCAGAGAAACA,0,0,0,0,0
CTTTGATGAGCACT,0,0,0,0,0
CTTTGATGTCTAGG,2,2,2,4,4
CTTTGATGTGTCCC,0,0,0,2,1
CTTTGATGTGTGGT,0,0,0,0,0
GAAACAGAACTACG,0,0,0,0,0
GAAACAGAATCACG,0,0,0,0,0
GAAACAGACATTCT,0,0,0,0,0
GAAACCTGATCGTG,0,0,0,0,0
GAAACCTGATGCCA,0,0,0,2,1
GAAACCTGCTTATC,0,0,0,0,0
GAAACCTGGACTAC,1,4,4,5,5
GAAACCTGTGCTAG,0,0,0,2,1
GAAAGATGATTTCC,0,0,0,2,1
GAAAGATGCTGATG,1,4,4,5,5
GAAAGATGCTTCGC,1,1,1,1,2
GAAAGATGTAAGGA,0,0,0,0,0
GAAAGCCTACGTTG,3,3,3,3,3
GAAAGTGAAAGTGA,1,5,5,7,7
GAAAGTGACCACAA,1,1,1,1,2
GAAAGTGACTCAAG,0,0,0,2,1
GAAATACTACCAAC,1,1,1,1,2
GAAATACTCTTAGG,3,3,3,3,3
GAAATACTTCCTCG,0,0,0,2,1
GAACACACGTGCAT,1,1,1,1,2
GAACACACTGCCTC,0,0,0,0,0
GAACAGCTAACTGC,1,4,4,5,5
GAACAGCTCTCAGA,1,4,4,5,5
GAACCAACCACAAC,0,0,0,0,0
GAACCAACTTCCGC,2,2,2,6,6
GAACCTGAACGTGT,0,0,0,2,1
GAACCTGAGAGACG,0,0,0,2,1
GAACCTGATGAACC,0,0,0,2,1
GAACGGGATACTTC,0,0,0,0,0
GAACTGTGACCTGA,1,4,4,5,5
GAACTGTGCCAGTA,1,1,1,1,2
GAAGAATGCAATCG,0,0,0,0,0
GAAGCGGACCTATT,1,1,1,1,2
GAAGCTACGAATGA,1,1,1,1,2
GAAGCTACGGTTTG,0,0,0,2,1
GAAGGGTGAAAGTG,0,0,0,2,1
GAAGGGTGCTTAGG,1,1,1,1,2
GAAGGTCTGAAAGT,0,0,0,2,1
GAAGGTCTGTTGCA,0,0,0,0,0
GAAGGTCTTAAAGG,1,5,5,7,7
GAAGTAGACTCCCA,2,2,2,4,4
GAAGTAGATCCAAG,1,4,4,5,5
GAAGTCACCCTCGT,1,1,1,1,2
GAAGTCACCCTGTC,3,3,3,3,3
GAAGTCTGTCGCAA,3,3,3,3,3
GAAGTCTGTTCTGT,0,0,0,0,0
GAAGTGCTAAACGA,2,2,2,6,6
GAAGTGCTCCGCTT,1,1,1,1,2
GAAGTGCTTAACCG,0,0,0,2,1
GAATGCACCCTAAG,0,0,0,2,1
GAATGCACCTTCGC,2,2,2,6,6
GAATGCTGCGGTAT,0,0,0,0,0
GAATTAACGATAAG,0,0,0,0,0
GAATTAACGGTCAT,0,0,0,0,0
GAATTAACGTCGTA,2,2,2,6,6
GAATTAACTGAAGA,3,3,3,3,3
GACAACACAGGCGA,0,0,0,0,0
GACAACACATCGTG,0,0,0,0,0
GACAACACTCGCCT,0,0,0,0,0
GACAACTGAGGTTC,0,0,0,2,1
GACAGGGAAGAGTA,3,3,3,3,3
GACAGGGAATGCCA,0,0,0,2,1
GACAGTACGAGCTT,1,4,4,5,5
GACAGTACTTCGGA,1,4,4,5,5
GACAGTTGAGTAGA,3,3,3,3,3
GACATTCTCCACCT,1,5,5,7,7
GACCAAACGACTAC,1,1,1,1,2
GACCAAACGTATCG,1,1,1,1,2
GACCCTACTAAAGG,3,3,3,3,3
GACCTAGACCTCAC,0,0,0,0,0
GACCTAGACGAGAG,0,0,0,2,1
GACCTCACAAGGTA,0,0,0,0,0
GACCTCACGTACGT,1,1,1,1,2
GACCTCTGCATCAG,0,0,0,0,0
GACGAACTCCCACT,0,0,0,0,0
GACGATTGCCAATG,3,3,3,3,3
GACGCCGACCTTCG,0,0,0,2,1
GACGCTCTCTCTCG,1,4,6,8,8
GACGGCACACGGGA,2,2,2,6,6
GACGGCACGAGATA,1,1,1,1,2
GACGTAACCTATGG,0,0,0,0,0
GACGTAACCTGTGA,0,0,0,2,1
GACGTAACTATGGC,0,0,0,2,1
GACGTATGTTGACG,0,0,0,0,0
GACGTATGTTTGCT,0,0,0,0,0
GACGTCCTACGGAG,0,0,0,2,1
GACGTCCTCTCAAG,1,1,1,1,2
GACGTCCTGATAAG,3,3,3,3,3
GACTACGATGGTCA,3,3,3,3,3
GACTCCTGCTCGCT,0,0,0,0,0
GACTCCTGGGTTAC,0,0,0,0,0
GACTCCTGTTATCC,0,0,0,2,1
GACTCCTGTTGGTG,1,1,1,1,2
GACTGAACCAATCG,1,1,1,1,2
GACTGATGTGATGC,0,0,0,0,0
GACTTTACATGCCA,0,0,0,0,0
GACTTTACGACAGG,3,3,3,3,3
GAGAAATGTTCTCA,3,3,3,3,3
GAGATAGAAAAAGC,1,1,1,1,2
GAGATCACGACAAA,1,4,4,5,5
GAGATGCTCTGGAT,2,2,2,4,4
GAGATGCTGAATGA,0,0,0,2,1
GAGCAGGATTCCCG,2,2,2,4,4
GAGCATACTTTGCT,1,4,4,5,5
GAGCGCACGCGTAT,1,1,1,1,2
GAGCGCACGGTGAG,0,2,2,4,4
GAGCGCTGAAGATG,2,2,2,6,6
GAGCGCTGTCTTAC,1,1,1,1,2
GAGCGGCTGGGAGT,3,3,3,3,3
GAGGACGACTCAGA,0,0,0,0,0
GAGGATCTGAAAGT,3,3,3,3,3
GAGGCAGACTTGCC,2,2,2,4,4
GAGGGAACACCAGT,0,0,0,2,1
GAGGGAACGAGGGT,0,0,0,2,1
GAGGGATGGGAAAT,0,0,0,0,0
GAGGGCCTTCACCC,0,0,0,2,1
GAGGGTGAAGAGTA,0,0,0,0,0
GAGGTACTACGGTT,0,0,0,0,0
GAGGTACTACTCAG,1,1,1,1,2
GAGGTACTGACACT,2,2,2,6,6
GAGGTACTGGGAGT,0,0,0,0,0
GAGGTACTTAGCGT,1,1,1,1,2
GAGGTGGAGTACGT,0,0,0,0,0
GAGGTGGATCCTCG,2,2,2,6,6
GAGGTTACTCGTTT,1,1,1,1,2
GAGGTTTGTAAGCC,1,1,1,1,2
GAGTCAACCATTCT,0,0,0,0,0
GAGTCAACGGGAGT,0,0,0,0,0
GAGTCTGATCGTGA,0,0,0,2,1
GAGTCTGATTTGGG,3,3,3,3,3
GAGTGACTCAGCTA,0,0,0,2,1
GAGTGACTCGGTAT,2,2,2,4,4
GAGTGACTCTTGCC,3,3,3,3,3
GAGTGACTGACTAC,3,3,3,3,3
GAGTGACTGTCTAG,0,0,0,0,0
GAGTGGGAGTCTTT,3,3,3,3,3
GAGTGGGATGCCCT,0,0,0,0,0
GAGTGGGATGCTGA,3,3,3,3,3
GAGTGTTGCTGTAG,0,0,0,2,1
GAGTGTTGTGGTCA,0,0,0,0,0
GAGTTGTGCATGGT,1,1,1,1,2
GAGTTGTGCTGAGT,2,2,2,4,4
GAGTTGTGGCGAGA,1,1,1,1,2
GAGTTGTGGTAGCT,1,4,6,8,8
GAGTTGTGTATGCG,1,4,4,5,5
GATAAGGAGAAACA,1,1,1,1,2
GATAAGGATTCACT,1,1,1,1,2
GATACTCTATCGGT,0,0,0,0,0
GATACTCTTACTTC,0,0,0,0,0
GATACTCTTGACTG,1,1,1,1,2
GATAGAGAAGGGTG,2,2,2,6,6
GATAGAGACTGTGA,0,0,0,0,0
GATAGAGATCACGA,1,1,1,1,2
GATAGCACCCATAG,0,0,0,0,0
GATAGCACGAAGGC,1,1,1,1,2
GATAGCACTTGTCT,0,0,0,0,0
GATATAACAAGGTA,0,0,0,2,1
GATATAACACGCAT,0,0,0,0,0
GATATATGCTGGAT,0,0,0,0,0
GATATATGTCCGTC,2,2,2,4,4
GATATATGTGGAGG,1,1,1,1,2
GATATCCTAGAAGT,0,0,0,0,0
GATATCCTCCCGTT,1,1,1,1,2
GATATTGACAGGAG,2,2,2,4,4
GATATTGACGAGTT,1,4,4,5,5
GATATTGAGCCAAT,0,0,0,0,0
GATCCCTGACCTTT,2,2,2,6,6
GATCCCTGTGTAGC,2,2,2,4,4
GATCCGCTGGTCAT,1,1,1,1,2
GATCGAACCGAGAG,0,0,0,2,1
GATCGATGACTAGC,3,3,3,3,3
GATCGATGGTAAAG,3,3,3,3,3
GATCGATGTAAGGA,1,1,1,1,2
GATCGTGACACTAG,0,0,0,0,0
GATCGTGATTCACT,0,0,0,2,1
GATCTACTGGTGAG,0,0,0,2,1
GATCTACTTTGCAG,3,3,3,3,3
GATCTTACACCCAA,1,4,4,5,5
GATCTTACCCTACC,0,0,0,2,1
GATCTTACGAATAG,1,1,1,1,2
GATCTTACGAGATA,1,1,1,1,2
GATGCAACTCCAGA,0,0,0,0,0
GATGCCCTACGTAC,0,0,0,2,1
GATGCCCTCTCATT,0,0,0,0,0
GATGCCCTGGCAAG,1,1,1,1,2
GATGCCCTTTTGCT,0,0,0,0,0
GATTACCTTGTTCT,0,0,0,0,0
GATTCGGAACGACT,0,0,0,0,0
GATTCGGACAGGAG,1,1,1,1,2
GATTCGGAGAAGGC,1,4,4,5,5
GATTCTTGATTCGG,1,1,1,1,2
GATTCTTGCCGATA,0,0,0,0,0
GATTCTTGCGAGTT,3,3,3,3,3
GATTGGACCCGTTC,3,3,3,3,3
GATTGGACGGTGTT,3,3,3,3,3
GATTGGACTTTCGT,3,3,3,3,3
GATTGGTGTGTCAG,0,0,0,2,1
GATTTAGACACTCC,1,4,4,5,5
GATTTAGACTAAGC,3,3,3,3,3
GATTTAGATTCGTT,1,1,1,1,2
GATTTGCTAACGAA,0,0,0,0,0
GATTTGCTAACGGG,1,1,1,1,2
GCAACCCTCCTCGT,1,1,1,1,2
GCAACTGATTGCGA,0,0,0,0,0
GCAAGACTACTGGT,0,0,0,2,1
GCAAGACTAGGTCT,0,0,0,2,1
GCAAGACTCCCTTG,0,0,0,0,0
GCAATCGACTGCAA,0,0,2,2,1
GCAATCGAGACGTT,1,1,1,1,2
GCAATCGATCCTTA,1,1,1,1,2
GCAATTCTCGTGTA,0,0,0,2,1
GCAATTCTTCTCCG,0,0,0,2,1
GCACAAACAATGCC,0,0,0,0,0
GCACAAACGGTACT,0,0,0,2,1
GCACAATGGTGCAT,1,1,1,1,2
GCACACCTGTGCTA,2,2,2,6,6
GCACCACTCATGAC,1,1,1,1,2
GCACCACTGTTTGG,1,1,1,1,2
GCACCACTTCCTTA,2,2,2,6,6
GCACCACTTTCGGA,1,1,1,1,2
GCACCTACGCGATT,0,0,0,2,1
GCACCTTGGCTGTA,0,0,0,0,0
GCACCTTGGGGAGT,1,1,1,1,2
GCACGGACCAGCTA,0,0,0,2,1
GCACGGTGACCTCC,0,0,0,2,1
GCACGGTGCTATGG,1,1,1,1,2
GCACTAGAACGGGA,0,0,0,2,1
GCACTAGAAGATGA,3,3,3,3,3
GCACTAGACCTTTA,1,4,4,5,5
GCACTAGACGTAAC,3,3,3,3,3
GCACTAGAGTCGTA,2,2,2,6,6
GCACTAGATGCAAC,0,0,0,0,0
GCACTGCTGAGGCA,2,2,2,4,4
GCAGATACAGCGTT,2,2,2,4,4
GCAGATACGACGGA,0,0,0,0,0
GCAGATACGCAGAG,0,0,0,0,0
GCAGCCGACAGTCA,0,0,0,0,0
GCAGCGTGCACTCC,0,0,0,0,0
GCAGCTCTCAATCG,0,0,0,0,0
GCAGCTCTGTTTCT,0,0,0,2,1
GCAGGGCTAAGAAC,0,0,0,0,0
GCAGGGCTAAGGGC,0,0,0,0,0
GCAGGGCTATCGAC,2,2,2,6,6
GCAGGGCTTGGGAG,2,2,2,4,4
GCAGTCCTAACTGC,0,0,0,2,1
GCAGTCCTCTCTTA,0,0,0,0,0
GCATCAGATGCGTA,2,2,2,4,4
GCATGTGACAAGCT,0,0,0,0,0
GCATTGGAGAAGGC,0,0,0,2,1
GCCAAAACGAGGCA,2,2,2,4,4
GCCAAATGATCGAC,0,0,0,2,1
GCCAACCTACGGTT,0,0,0,0,0
GCCAACCTCGCCTT,0,0,0,0,0
GCCACGGAGGCGAA,1,1,1,1,2
GCCACGGATACTGG,0,0,0,0,0
GCCACTACGTCTTT,0,0,0,0,1
GCCCAACTACCGAT,0,0,0,0,0
GCCCAACTATGGTC,2,2,2,4,4
GCCCATACAGCGTT,2,2,2,4,4
GCCGACGAACTCTT,1,1,1,1,2
GCCGAGTGCGTTGA,0,0,0,2,1
GCCGGAACGAACTC,2,2,2,4,4
GCCGGAACGTTCTT,2,2,2,6,6
GCCGGAACTGCACA,2,2,2,4,4
GCCGGAACTTACTC,0,0,0,2,1
GCCGTACTACCTGA,0,0,0,0,0
GCCGTACTGGCAAG,1,1,1,1,2
GCCTACACAGTTCG,2,2,2,6,6
GCCTACACCACTGA,1,4,4,5,5
GCCTACACCTTGAG,0,0,0,0,0
GCCTAGCTACGGAG,3,3,3,3,3
GCCTAGCTCTATTC,0,0,0,0,0
GCCTAGCTTCTCAT,0,0,0,0,0
GCCTAGCTTCTCTA,1,4,4,5,5
GCCTCAACCATGGT,0,0,0,0,0
GCCTCAACTCTTTG,0,0,0,2,1
GCCTCATGTCTTAC,2,2,2,4,4
GCCTGACTCTCAAG,1,1,1,1,2
GCGAAGGAACTCTT,0,0,0,0,0
GCGAAGGATGCCAA,0,0,0,0,0
GCGAGAGAGGGACA,0,0,0,0,0
GCGAGCACTGTCGA,3,3,3,3,3
GCGAGCACTTGACG,0,0,0,0,0
GCGAGCACTTGCTT,1,1,1,1,2
GCGATATGGTACGT,0,0,0,0,0
GCGATATGGTGTTG,0,0,0,0,0
GCGCACGAAGTCGT,0,0,0,0,0
GCGCACGACTTTAC,1,1,1,1,2
GCGCATCTAGGTCT,0,0,0,0,0
GCGCATCTGGTTAC,1,4,6,8,8
GCGCATCTTCGATG,0,0,0,0,0
GCGCATCTTGCTCC,2,2,2,6,6
GCGCATCTTTCTAC,0,0,0,0,0
GCGCGAACGTTCTT,3,3,3,3,3
GCGCGATGAACGGG,0,0,0,0,0
GCGCGATGGTGCAT,2,2,2,6,6
GCGGAGCTCCTGAA,0,0,0,0,0
GCGGCAACCCGATA,0,0,0,0,0
GCGGCAACGGAGGT,3,3,3,3,3
GCGGCAACTGTCGA,1,1,1,1,2
GCGTAAACACGGTT,1,5,5,7,7
GCGTAATGCACCAA,1,4,4,5,5
GCGTATGAACACCA,0,0,0,0,1
GCGTATGATGAGAA,1,1,1,1,2
GCTACAGAAAGGTA,0,0,0,0,0
GCTACAGAATCTTC,3,3,3,3,3
GCTACCTGAGAAGT,1,1,1,1,2
GCTACCTGATCACG,0,0,0,2,1
GCTACGCTAGAATG,0,0,0,0,0
GCTACGCTAGCTAC,0,0,0,2,1
GCTACGCTCCCTAC,0,0,0,2,1
GCTAGAACAGAGGC,3,3,3,3,3
GCTAGAACGGATCT,0,0,0,2,1
GCTAGAACTCCCGT,0,0,0,0,0
GCTAGATGAGCTCA,1,1,1,1,2
GCTAGATGGCGATT,2,2,2,4,4
GCTATACTAAGGCG,0,0,0,0,0
GCTATACTAGCGTT,2,2,2,4,4
GCTATACTCTCTTA,0,0,0,0,0
GCTATACTGGACGA,0,0,0,2,1
GCTCAAGAACCATG,1,4,4,5,5
GCTCAAGAAGTCAC,1,1,1,1,2
GCTCAGCTGTCTAG,0,0,0,0,0
GCTCCATGAGAAGT,2,2,2,4,4
GCTCCATGCCGAAT,0,0,0,0,0
GCTCGACTCTAGTG,1,1,1,1,2
GCTGATGAGGTATC,1,1,1,1,2
GCTTAACTACAGTC,1,1,1,1,2
GCTTAACTACTGGT,2,2,2,4,4
GCTTAACTGCTGAT,0,0,0,0,0
GCTTAACTTAGACC,1,1,1,1,2
GCTTAACTTCAGTG,0,0,0,0,0
GGAACACTCACTTT,1,1,1,1,2
GGAACACTTCAGAC,1,4,6,8,8
GGAACTACTACTTC,0,0,0,2,1
GGAACTTGAAGGTA,1,1,1,1,2
GGAACTTGAGAATG,0,0,0,2,1
GGAACTTGCTCCAC,1,1,1,1,2
GGAACTTGGGTAGG,3,3,3,3,3
GGAAGGACATCGGT,1,1,1,1,2
GGAAGGACCACTAG,0,0,0,2,1
GGAAGGACGAGGGT,0,0,0,2,1
GGAAGGACGCGAAG,0,0,0,2,1
GGAAGGTGGCGAGA,2,2,2,6,6
GGAATCTGAAGGGC,0,0,0,2,1
GGAATCTGAGGAGC,0,0,0,2,1
GGAATCTGCTTAGG,3,3,3,3,3
GGAATCTGCTTGTT,1,1,1,1,2
GGAATCTGGGAGGT,0,0,0,0,0
GGAATGCTTTCTAC,0,0,0,0,0
GGACAGGAAAGGGC,2,2,2,4,4
GGACAGGAGTGCTA,3,3,3,3,3
GGACAGGATCTCGC,0,0,0,2,1
GGACCCGAAGCTAC,1,1,1,1,2
GGACCGTGCTTACT,1,1,1,1,2
GGACCGTGGGAACG,1,5,5,7,7
GGACCGTGTAACGC,0,0,0,2,1
GGACCTCTGTAAGA,1,1,1,1,2
GGACCTCTTTTCTG,2,2,2,4,4
GGACGAGAGTGTCA,1,1,1,1,2
GGACGCTGACGCAT,2,2,2,4,4
GGACGCTGCTAGCA,0,0,0,0,0
GGACGCTGTCCTCG,2,2,2,6,6
GGAGAGACGTGAGG,3,3,3,3,3
GGAGCAGATTCAGG,3,3,3,3,3
GGAGCCACCTTCTA,3,3,3,3,3
GGAGCGCTACGCAT,1,1,1,1,2
GGAGCGCTCCGAAT,0,0,0,2,1
GGAGGATGCCACCT,0,0,0,0,0
GGAGGATGGTTGAC,1,1,1,1,2
GGAGGATGTCAGTG,1,1,1,1,2
GGAGGCCTCGTTGA,2,2,2,6,6
GGAGGCCTTTCTTG,0,0,0,0,0
GGAGGTGATACGCA,0,0,0,2,1
GGAGGTGATCGCTC,0,0,0,2,1
GGATACTGCAGCTA,0,0,0,2,1
GGATACTGTCTAGG,0,0,0,2,1
GGATAGCTCGTCTC,0,0,0,2,1
GGATAGCTCTGAAC,2,2,2,4,4
GGATGTACCAAAGA,3,3,3,3,3
GGATGTACGCGAAG,0,0,0,0,0
GGATGTACGTCTTT,1,1,1,1,2
GGATGTACGTGTCA,2,2,2,4,4
GGATTTCTAGGTTC,0,0,0,2,1
GGATTTCTTTGTCT,1,1,1,1,2
GGCAAGGAAAAAGC,2,2,2,6,6
GGCAAGGAAGAAGT,0,0,0,2,1
GGCAAGGACTTGGA,1,1,1,1,2
GGCAAGGAGGACTT,0,0,0,0,0
GGCAATACGCTAAC,3,3,3,3,3
GGCAATACGGCATT,2,2,2,4,4
GGCAATACGTTTCT,3,3,3,3,3
GGCACGTGGCTTAG,1,4,4,5,5
GGCACTCTTTTGTC,0,0,0,2,1
GGCATATGCTTATC,2,2,2,6,6
GGCATATGGGGAGT,1,4,6,8,8
GGCATATGTGTGAC,0,0,0,2,1
GGCCACGACAGAGG,0,0,0,0,0
GGCCAGACTGGTTG,0,0,0,2,1
GGCCCAGAAAGTAG,1,1,1,1,2
GGCCGAACAACGAA,0,0,0,0,0
GGCCGAACGCAGAG,0,0,0,0,0
GGCCGAACGTAGGG,0,0,0,0,0
GGCCGAACTCTAGG,2,2,2,6,6
GGCCGATGCAGGAG,0,0,0,2,1
GGCCGATGCCGAAT,0,0,0,2,1
GGCCGATGTACTCT,2,2,2,4,4
GGCGACACTGCCCT,2,2,2,4,4
GGCGACTGCGTAAC,0,0,0,2,1
GGCGCATGCCTAAG,1,4,4,5,5
GGCGCATGCTCCAC,0,0,0,2,1
GGCGCATGTGGAAA,0,0,0,0,0
GGCGGACTAGAGGC,0,0,0,2,1
GGCGGACTAGGAGC,2,2,2,4,4
GGCGGACTCTGACA,0,0,0,0,0
GGCGGACTCTTGGA,2,2,2,4,4
GGCGGACTTACTGG,0,0,0,0,0
GGCGGACTTGAACC,0,0,0,0,1
GGCTAAACACCTGA,2,2,2,6,6
GGCTAAACTCTTAC,0,0,0,0,0
GGCTAATGAGCACT,2,2,2,4,4
GGCTAATGGTCTAG,0,0,0,0,0
GGCTCACTACTCAG,1,1,1,1,2
GGGAACGAAGCTCA,1,4,4,5,5
GGGAACGACACAAC,3,3,3,3,3
GGGAACGAGTGTCA,1,1,1,1,2
GGGAAGTGTTGAGC,1,1,1,1,2
GGGACCACACGTTG,2,2,2,4,4
GGGACCACAGAACA,0,0,0,0,0
GGGACCACGAATAG,0,0,0,2,1
GGGACCACGTCATG,0,0,0,0,0
GGGACCACTCAAGC,0,0,0,0,0
GGGACCACTCGTGA,0,0,0,0,0
GGGACCACTGCATG,0,0,0,0,0
GGGACCTGACCCTC,1,1,1,1,2
GGGACCTGCTTGCC,0,0,0,0,0
GGGACCTGTGGAGG,3,3,3,3,3
GGGATGGACGACAT,3,3,3,3,3
GGGATGGATACTTC,0,0,0,2,1
GGGATGGATGGTTG,1,1,1,1,2
GGGATTACGTCTAG,0,0,0,0,0
GGGCAAGATGCATG,1,1,1,1,2
GGGCACACGGTGAG,1,4,4,5,5
GGGCACACGTTGCA,0,0,0,2,1
GGGCAGCTTGGGAG,2,2,2,4,4
GGGCAGCTTTTCTG,0,0,0,0,0
GGGCCAACCTTGGA,1,5,5,7,7
GGGCCAACGCGTTA,3,3,3,3,3
GGGCCAACTACGCA,1,1,1,1,2
GGGCCAACTCCAAG,3,3,3,3,3
GGGCCATGATGGTC,2,2,2,4,4
GGGCCATGTTGACG,0,0,0,2,1
GGGTAACTCAGCTA,0,0,0,2,1
GGGTAACTCTAGTG,3,3,3,3,3
GGGTAACTCTGGAT,0,0,0,0,0
GGGTTAACGTGCAT,2,2,2,6,6
GGTAAAGAGCTAAC,2,2,2,4,4
GGTACAACTGCAAC,0,0,0,2,1
GGTACATGAAAGCA,3,3,3,3,3
GGTACATGAGCTCA,0,0,0,2,1
GGTACATGCGGTAT,0,0,0,0,0
GGTACATGGTTACG,0,0,0,2,1
GGTACATGTGGGAG,0,0,0,2,1
GGTACTGAACTCTT,1,1,1,1,2
GGTAGTACACCACA,2,2,2,4,4
GGTAGTACACTAGC,1,1,1,1,2
GGTAGTACCCTGTC,0,0,0,0,0
GGTAGTACGCCATA,1,1,1,1,2
GGTAGTACTGTCTT,0,0,0,2,1
GGTATCGAGACAAA,1,1,1,1,2
GGTATCGATGAACC,3,3,3,3,3
GGTCAAACCAAAGA,0,0,0,0,0
GGTCTAGAGAAACA,1,1,1,1,2
GGTCTAGATAGCGT,1,1,1,1,2
GGTGATACCGACTA,3,3,3,3,3
GGTGATACGACTAC,1,1,1,1,2
GGTGATACTGTTTC,0,0,0,0,0
GGTGGAGAAACGGG,2,2,2,6,6
GGTGGAGAAGTAGA,0,0,0,2,1
GGTGGAGACAGATC,2,2,2,4,4
GGTGGAGATCGATG,0,0,0,2,1
GGTGGAGATCTCTA,1,1,1,1,2
GGTGGAGATTACTC,2,2,2,4,4
GGTTTACTACGCAT,2,2,2,4,4
GTAACGTGACCTCC,1,1,1,1,2
GTAACGTGATCGGT,3,3,3,3,3
GTAACGTGCAGCTA,3,3,3,3,3
GTAACGTGGTTGAC,3,3,3,3,3
GTAAGCACAACGGG,0,0,0,0,0
GTAAGCACTCATTC,3,3,3,3,3
GTAAGCTGGTACCA,1,1,1,1,2
GTAATAACCTTCTA,1,1,1,1,2
GTAATAACGTTGTG,0,0,0,0,0
GTACCCTGACAGTC,1,4,4,5,5
GTACCCTGGAGCTT,0,0,0,0,0
GTACCCTGTCCTTA,2,2,2,4,4
GTACCCTGTGAACC,0,0,0,0,0
GTACGTGAACGTTG,2,2,2,4,4
GTACTTTGTCGACA,2,2,2,4,4
GTAGACTGAGATGA,1,1,1,1,2
GTAGACTGTATTCC,0,0,0,0,0
GTAGCAACAGTCGT,1,1,1,1,2
GTAGCAACCATTTC,3,3,3,3,3
GTAGCAACGGTAGG,1,1,1,1,2
GTAGCATGCACTCC,3,3,3,3,3
GTAGCATGTAAGCC,1,1,1,1,2
GTAGCCCTGACGTT,0,0,0,0,0
GTAGCTGAAGCTAC,1,4,4,5,5
GTAGCTGAATTCGG,0,0,0,0,0
GTAGGTACACGGGA,1,1,1,1,2
GTAGTGACCTCATT,0,0,0,0,0
GTAGTGTGAGCGGA,2,2,2,6,6
GTAGTGTGAGGCGA,1,1,1,1,2
GTAGTGTGTGGTTG,0,0,0,0,0
GTATCACTGGTAGG,1,1,1,1,2
GTATCTACAGAAGT,2,2,2,4,4
GTATCTACGACGAG,2,2,2,4,4
GTATCTACGTTACG,0,0,0,2,1
GTATTAGAAACAGA,0,0,0,2,1
GTATTAGAGGTCTA,0,0,0,0,0
GTATTCACACAGCT,0,0,0,0,0
GTATTCACGGGTGA,2,2,2,4,4
GTCAACGACACTGA,0,0,0,2,1
GTCAACGAGTGTAC,1,1,1,1,2
GTCAATCTACACCA,2,2,2,4,4
GTCAATCTGTAGCT,2,2,2,4,4
GTCAATCTTGTGGT,0,0,0,0,0
GTCACCTGCCTCCA,0,0,0,0,0
GTCACCTGTCCCGT,0,0,0,2,1
GTCATACTAATCGC,3,3,3,3,3
GTCATACTGCGATT,2,2,2,4,4
GTCATACTTCGCCT,1,4,6,8,8
GTCATACTTTACCT,2,2,2,4,4
GTCATACTTTGACG,0,0,0,2,1
GTCCAAGAAAAACG,0,0,0,0,0
GTCCACTGACCTCC,0,0,0,0,0
GTCCACTGGGTACT,1,4,4,5,5
GTCCAGCTACGGGA,0,0,0,0,0
GTCCCATGTGGTGT,1,1,1,1,2
GTCGAATGAAGGCG,1,1,1,1,2
GTCGACCTGAATGA,2,2,2,6,6
GTCGACCTGTTCAG,0,0,0,0,0
GTCGCACTTGAGAA,3,3,3,3,3
GTCTAACTGGTCTA,1,4,4,5,5
GTCTAGGAGCTTCC,1,1,1,1,2
GTGAACACACTCTT,0,0,0,0,0
GTGAACACTCAGGT,0,0,0,0,1
GTGACCCTTAAGCC,0,0,0,2,1
GTGATGACAAGTGA,0,0,0,2,1
GTGATGACCTGAGT,3,3,3,3,3
GTGATGACGGTTTG,2,2,2,4,4
GTGATTCTCATTTC,0,0,0,2,1
GTGATTCTCTCTCG,1,1,1,1,2
GTGATTCTGGTTCA,2,2,2,6,6
GTGATTCTGTCGAT,0,0,0,0,0
GTGATTCTTAGCGT,3,3,3,3,3
GTGCCACTCAGGAG,0,0,0,0,0
GTGGATTGCACTAG,1,4,4,5,5
GTGGATTGCGGAGA,0,0,0,2,1
GTGGATTGTAACGC,0,0,0,0,0
GTGTACGATCAGTG,0,0,0,0,0
GTGTAGTGGGTACT,0,0,0,2,1
GTGTATCTAGCCTA,3,3,3,3,3
GTGTATCTAGTAGA,2,2,2,6,6
GTGTATCTGTTACG,3,3,3,3,3
GTGTCAGAAGCGTT,2,2,2,4,4
GTTAAAACCGAGAG,2,2,2,6,6
GTTAAATGCTCGAA,0,0,0,0,0
GTTAAATGTCGACA,3,3,3,3,3
GTTAACCTAGCTAC,0,0,0,2,1
GTTAACCTTGCTTT,1,5,5,7,7
GTTAGGTGCACTCC,0,0,0,0,0
GTTAGGTGCCAGTA,1,1,1,1,2
GTTAGGTGCCCAAA,1,4,4,5,5
GTTAGGTGGAACTC,3,3,3,3,3
GTTAGTCTAAGAAC,2,2,2,4,4
GTTATAGAGGACAG,0,0,0,0,1
GTTATGCTTTCATC,0,0,0,0,0
GTTCAACTGGGACA,2,2,2,6,6
GTTCAACTTATGCG,0,0,0,0,0
GTTGACGAGCCCTT,2,2,2,4,4
GTTGACGATATCGG,2,2,2,6,6
GTTGAGTGGTCTTT,1,1,1,1,2
GTTGAGTGTGCTTT,0,0,0,2,1
GTTGATCTGGGACA,0,0,0,0,0
GTTGATCTTTTCAC,2,2,2,4,4
GTTGGATGTTTACC,1,4,4,5,5
GTTGTACTATTCCT,1,1,1,1,2
GTTGTACTTTTGGG,0,0,0,0,1
GTTTAAGACCATGA,1,1,1,1,2
GTTTAAGACTGTCC,2,2,2,4,4
TAAACAACCAACCA,0,0,0,2,1
TAAACAACGAATCC,3,3,3,3,3
TAAAGACTCAGGAG,0,0,0,2,1
TAAATCGATGAGGG,0,0,0,0,0
TAACAATGTGCCCT,3,3,3,3,3
TAACACCTTCGCTC,1,1,1,1,2
TAACACCTTCGTAG,1,1,1,1,2
TAACACCTTGTTTC,1,4,6,8,8
TAACATGACACTAG,3,3,3,3,3
TAACCGGACTTACT,0,0,0,0,0
TAACGTCTCAACCA,1,1,1,1,2
TAACGTCTCATTGG,0,0,0,0,0
TAACTAGAATTTCC,0,0,0,2,1
TAACTAGACTTAGG,0,0,0,2,1
TAACTAGATCTGGA,0,0,0,0,0
TAACTCACGAGGAC,1,1,1,1,2
TAACTCACGTACAC,3,3,3,3,3
TAACTCACGTATCG,1,1,1,1,2
TAACTCACTCTACT,2,2,2,6,6
TAAGAACTGTGTCA,1,1,1,1,2
TAAGAGGACTAAGC,3,3,3,3,3
TAAGAGGACTTGTT,2,2,2,6,6
TAAGATACGGTTCA,1,1,1,1,2
TAAGATTGCGTAGT,0,0,0,2,1
TAAGATTGTTGCTT,0,0,0,2,1
TAAGCGTGAGGTTC,1,1,1,1,2
TAAGCGTGGACAAA,1,1,1,1,2
TAAGCGTGGGAAAT,0,0,0,0,0
TAAGCGTGTGCTCC,1,4,4,5,5
TAAGGCTGCCATGA,0,0,0,2,1
TAAGGCTGCTGCTC,0,0,0,0,0
TAAGGCTGTCTCGC,1,1,1,1,2
TAAGGGCTGCTGTA,0,0,0,2,1
TAAGGGCTTTACTC,0,0,0,0,0
TAAGTAACCGAGAG,3,3,3,3,3
TAAGTAACCTCCAC,3,3,3,3,3
TAAGTAACCTGTAG,0,0,0,2,1
TAAGTAACTTGTCT,0,0,0,2,1
TAATGATGAGCGGA,0,0,0,0,0
TAATGCCTCATGAC,0,0,0,2,1
TAATGCCTCGTCTC,2,2,2,6,6
TAATGTGAAGATGA,0,0,0,0,0
TAATGTGACTGCAA,1,1,1,1,2
TAATGTGATTACTC,0,0,0,2,1
TACAAATGGGTACT,0,0,0,2,1
TACAATGAAAACAG,1,1,1,1,2
TACAATGACTTAGG,0,0,0,2,1
TACAATGATGCTAG,2,2,2,4,4
TACACACTCACACA,0,0,0,0,0
TACACACTCTTACT,0,0,0,2,1
TACATAGAACGCAT,2,2,2,4,4
TACATCACACGGGA,0,0,0,0,0
TACATCACCTGTTT,1,4,4,5,5
TACATCACGCTAAC,3,3,3,3,3
TACATCACTGAACC,1,4,4,5,5
TACCATTGAGGTTC,0,0,0,0,0
TACCATTGCGGGAA,1,1,1,1,2
TACCATTGGGGATG,1,1,1,1,2
TACCATTGTGAGGG,1,1,1,1,2
TACCGGCTGTTGGT,0,0,0,0,0
TACGAGTGATCTCT,0,0,0,0,0
TACGAGTGATGCTG,1,1,1,1,2
TACGAGTGCGGAGA,0,0,0,2,1
TACGAGTGGTTGGT,0,0,0,2,1
TACGATCTAGTGTC,0,0,0,0,0
TACGATCTCACTGA,1,1,1,1,2
TACGATCTTACGAC,2,2,2,4,4
TACGCAGAGAATCC,2,2,2,4,4
TACGCCACATTCCT,0,0,0,2,1
TACGCCACTCCCAC,1,4,4,5,5
TACGCCACTCCGAA,3,3,3,3,3
TACGGAACGCGTTA,3,3,3,3,3
TACGGCCTGGGACA,2,2,2,6,6
TACGTACTACGGAG,0,0,0,2,1
TACGTACTCAGTTG,0,0,0,2,1
TACGTACTCCCGTT,3,3,3,3,3
TACGTTACAGAAGT,0,0,0,2,1
TACGTTACCAAGCT,1,1,1,1,2
TACTAAGAAAGGTA,3,3,3,3,3
TACTAAGAATCACG,0,0,0,0,0
TACTAAGATGATGC,1,1,1,1,2
TACTAAGATTGCGA,0,0,0,2,1
TACTACACGAGAGC,0,0,0,2,1
TACTACACTTACCT,3,3,3,3,3
TACTACTGAACCTG,1,1,1,1,2
TACTACTGATGTCG,2,2,2,6,6
TACTACTGATTCTC,0,0,0,0,0
TACTACTGTATGGC,0,0,0,0,0
TACTCAACGGTCTA,1,1,1,1,2
TACTCAACTGCTAG,3,3,3,3,3
TACTCCCTCAGTTG,0,0,0,0,0
TACTCTGAATCGAC,2,2,2,6,6
TACTCTGACGAGTT,0,0,0,2,1
TACTCTGATTGACG,3,3,3,3,3
TACTGGGATCGATG,0,0,0,0,0
TACTGTTGAAAGCA,0,0,0,0,0
TACTGTTGAGGCGA,2,2,2,6,6
TACTGTTGCTGAAC,3,3,3,3,3
TACTTGACTCCTCG,2,2,2,4,4
TACTTGACTGGTGT,3,3,3,3,3
TACTTTCTTTTGGG,0,0,0,4,4
TAGAAACTAATCGC,0,0,0,0,0
TAGAAACTGCTTCC,1,1,1,1,2
TAGAAACTGGGATG,2,2,2,4,4
TAGAATTGCGACAT,0,0,0,0,0
TAGAATTGTATCGG,0,0,0,0,0
TAGACGTGCTTGAG,0,0,0,0,0
TAGACGTGTCGCTC,0,0,0,0,0
TAGAGCACCTTACT,3,3,3,3,3
TAGATTGACTTGTT,3,3,3,3,3
TAGATTGAGGCATT,0,0,0,0,0
TAGCATCTCAGCTA,2,2,2,6,6
TAGCATCTCCCTCA,0,0,0,0,0
TAGCATCTGCTGTA,1,4,4,5,5
TAGCATCTGGGACA,0,0,0,0,0
TAGCATCTTGTCGA,0,0,0,0,0
TAGCCCACAAAAGC,0,0,0,2,1
TAGCCCACAGCCAT,2,2,2,4,4
TAGCCCACAGCTAC,2,2,2,6,6
TAGCCCACCCACAA,0,0,0,0,0
TAGCCCTGCGGAGA,0,0,0,2,1
TAGCCGCTTACGAC,0,0,0,2,1
TAGCCGCTTACTTC,2,2,2,4,4
TAGCCGCTTTCCAT,1,1,1,1,2
TAGCTACTGAATAG,3,3,3,3,3
TAGCTACTGTAGCT,0,0,0,2,1
TAGCTACTTTTGCT,2,2,2,4,4
TAGGACTGTGCTGA,0,0,0,2,1
TAGGAGCTAAGGCG,3,3,3,3,3
TAGGAGCTGAGGGT,0,0,0,0,0
TAGGAGCTTGCATG,3,3,3,3,3
TAGGCAACCGTCTC,3,3,3,3,3
TAGGCATGCTCTCG,1,5,5,7,7
TAGGCATGGCGAGA,2,2,2,4,4
TAGGCTGATGCCTC,1,1,1,1,2
TAGGGACTGAACTC,2,2,2,6,6
TAGGTCGACACTGA,0,0,0,0,0
TAGGTCGAGGATCT,3,3,3,3,3
TAGGTGACACACTG,0,0,0,2,1
TAGGTGACACGTTG,3,3,3,3,3
TAGGTGTGTTCTGT,0,0,0,2,1
TAGGTTCTGAAGGC,0,0,0,2,1
TAGGTTCTTCTTAC,1,4,4,5,5
TAGGTTCTTGCTGA,1,1,1,1,2
TAGTAAACCTCGCT,0,0,0,0,0
TAGTAAACGTCACA,0,0,0,2,1
TAGTAATGAGATCC,0,0,0,0,0
TAGTACCTAAGAAC,1,1,1,1,2
TAGTATGATCTTAC,3,3,3,3,3
TAGTATGATTCTCA,0,0,0,2,1
TAGTCTTGGCTGTA,0,0,0,0,0
TAGTCTTGGGACTT,0,0,0,0,0
TAGTCTTGTGGAAA,2,2,2,4,4
TAGTGGTGAAGTGA,2,2,2,6,6
TAGTTAGAACCACA,2,2,2,6,6
TAGTTAGATGAACC,0,0,0,0,0
TATAAGACAACAGA,0,0,0,0,0
TATAAGACAGCTCA,1,4,4,5,5
TATAAGTGACACCA,1,4,4,5,5
TATAAGTGTATCGG,1,1,1,1,2
TATAAGTGTGGTGT,1,4,4,5,5
TATACAGAACCCTC,2,2,2,4,4
TATACAGAAGAACA,0,0,0,0,0
TATACAGATCCAGA,0,0,0,0,0
TATACCACCTGATG,3,3,3,3,3
TATACGCTACCAAC,0,0,0,2,1
TATAGATGGACGGA,0,0,0,2,1
TATAGATGTTCCGC,1,4,4,5,5
TATCCAACCAGCTA,1,1,1,1,2
TATCCAACTCTCTA,2,2,2,4,4
TATCGACTACTAGC,2,2,2,4,4
TATCGACTCGATAC,1,4,4,5,5
TATCGTACAGATGA,2,2,2,4,4
TATCGTACATTCCT,1,1,1,1,2
TATCTCGAGAGATA,0,0,0,0,0
TATCTGACAGGTTC,2,2,2,4,4
TATCTGACTGTTTC,0,0,0,2,1
TATCTTCTAAACAG,0,0,0,0,0
TATGAATGGAGGAC,2,2,2,6,6
TATGAATGTTTGCT,1,4,4,5,5
TATGCGGATAACCG,0,0,0,2,1
TATGGGTGCATCAG,2,2,2,6,6
TATGGGTGCTAGCA,3,3,3,3,3
TATGGTCTCTACCC,0,0,0,0,0
TATGTCACGGAACG,3,3,3,3,3
TATGTCACTAACCG,1,1,1,1,2
TATGTCACTTCTCA,3,3,3,3,3
TATGTGCTCCGATA,1,1,1,1,2
TATGTGCTGGATTC,0,0,0,0,0
TATTGCTGAAGAAC,1,1,1,1,2
TATTGCTGCCGTTC,3,3,3,3,3
TATTGCTGTCTGGA,0,0,0,0,0
TATTGCTGTGCACA,0,0,0,0,0
TATTTCCTATTGGC,1,1,1,1,2
TATTTCCTGGAGGT,2,2,2,6,6
TATTTCCTGGTGTT,0,0,0,0,0
TCAACACTGTTTGG,2,2,2,6,6
TCAAGGACAGCGTT,0,0,0,0,0
TCAAGGACATTCTC,2,2,2,4,4
TCAAGGACGGTGTT,1,1,1,1,2
TCAATCACACTCTT,2,2,2,4,4
TCAATCACAGTCGT,1,4,4,5,5
TCACAACTATGTGC,0,0,0,0,0
TCACAACTTTGCTT,1,1,1,1,2
TCACATACACTTTC,0,0,0,2,1
TCACATACAGGGTG,0,0,0,0,0
TCACCCGAGACGGA,1,1,1,1,2
TCACCGTGCTCGCT,1,4,4,5,5
TCACCTCTACGACT,2,2,2,4,4
TCACCTCTTCCAAG,1,4,4,5,5
TCACGAGAGGAGGT,3,3,3,3,3
TCACTATGGGGCAA,2,2,2,4,4
TCACTATGGTTGTG,3,3,3,3,3
TCAGACGACGCTAA,0,0,0,2,1
TCAGACGACGTTAG,2,2,2,6,6
TCAGAGACTCCAGA,0,0,0,0,0
TCAGCAGACTCCAC,0,0,0,0,0
TCAGCGCTCTAGTG,2,2,2,4,4
TCAGCGCTGGATCT,3,3,3,3,3
TCAGCGCTGGTATC,2,2,2,4,4
TCAGGATGAAGTAG,0,0,0,0,0
TCAGGATGCCTTTA,1,4,4,5,5
TCAGTGGAAGATCC,2,2,2,4,4
TCAGTTACCTACGA,1,1,1,1,2
TCAGTTACTAGAAG,0,0,0,0,0
TCATCAACCCGATA,0,0,0,0,0
TCATCAACTGTTCT,1,1,1,1,2
TCATCATGCAGTTG,0,0,0,2,1
TCATCCCTTACTGG,0,0,0,2,1
TCATTCGATACAGC,1,4,4,5,5
TCCACGTGGAAACA,0,0,0,2,1
TCCACTCTACACTG,0,0,0,2,1
TCCACTCTGAGCTT,1,1,1,1,2
TCCACTCTTACTTC,3,3,3,3,3
TCCATAACAAAGTG,0,0,0,0,0
TCCATAACCGTAGT,3,3,3,3,3
TCCATAACGATGAA,0,0,0,2,1
TCCATAACTACGCA,0,0,0,0,0
TCCATCCTCCCTAC,2,2,2,4,4
TCCCACGATCATTC,0,0,0,2,1
TCCCATCTCAAAGA,1,1,1,1,2
TCCCGAACACAGTC,2,2,2,6,6
TCCCGAACTTCGCC,1,4,4,5,5
TCCCGATGAGATCC,0,0,0,0,1
TCCCGATGCCTGAA,1,1,1,1,2
TCCCTACTCAACTG,3,3,3,3,3
TCCGAAGACAATCG,1,1,1,1,2
TCCGAAGACGTTAG,0,0,0,0,1
TCCGGACTGAGGTG,0,0,0,2,1
TCCGGACTGTACGT,2,2,2,4,4
TCCTAAACATCGAC,0,0,0,0,0
TCCTAAACCGAGAG,0,0,0,2,1
TCCTAAACCGCATA,2,2,2,6,6
TCCTAATGGTTTGG,2,2,2,4,4
TCCTACCTGTCGTA,0,0,0,2,1
TCCTATGAAAAGCA,2,2,2,4,4
TCGAATCTCTGGTA,2,2,2,4,4
TCGACCTGCCGATA,1,4,4,5,5
TCGACGCTTCTATC,1,1,1,1,2
TCGACGCTTTGACG,0,0,0,2,1
TCGAGAACGACAGG,0,0,0,2,1
TCGAGAACGTTAGC,0,0,0,2,1
TCGAGCCTATCAGC,3,3,3,3,3
TCGAGCCTGCGAGA,2,2,2,4,4
TCGAGCCTTGTGAC,0,0,0,0,0
TCGATACTATTCCT,2,2,2,4,4
TCGATACTTGCACA,0,0,0,2,1
TCGATTTGATGCCA,1,1,1,1,2
TCGATTTGCACTCC,0,0,0,0,0
TCGATTTGCAGCTA,2,2,2,6,6
TCGATTTGCCTACC,1,1,1,1,2
TCGATTTGTCGTGA,3,3,3,3,3
TCGCAGCTAGATCC,2,2,2,4,4
TCGCCATGAGACTC,0,0,0,0,0
TCGCCATGTGGTCA,3,3,3,3,3
TCGGACCTAACAGA,0,0,0,0,0
TCGGACCTATAAGG,3,3,3,3,3
TCGGACCTGTACAC,0,0,0,2,1
TCGGTAGAGTAGGG,0,0,0,0,0
TCGGTAGATCCCAC,3,3,3,3,3
TCGTAGGATCGACA,0,0,0,2,1
TCGTTATGGACAAA,0,0,0,2,1
TCTAACACCAGTTG,2,2,2,6,6
TCTAACACGAGCAG,1,5,5,7,7
TCTAACTGAACCAC,0,0,0,2,1
TCTAAGCTAATGCC,0,0,0,0,0
TCTAAGCTTAGTCG,2,2,2,4,4
TCTAAGCTTCTAGG,1,4,4,5,5
TCTAAGCTTGTTCT,1,1,1,1,2
TCTAAGCTTTCGCC,3,3,3,3,3
TCTACAACGACTAC,1,1,1,1,2
TCTAGACTTAGAAG,1,1,1,1,2
TCTAGTTGCACCAA,1,1,1,1,2
TCTATGTGAAGAGT,1,1,1,1,2
TCTATGTGAGTCTG,0,0,0,0,4
TCTCAAACCTAAGC,3,3,3,3,3
TCTCTAGAATTTCC,0,0,0,2,1
TCTGATACACGTGT,0,0,0,0,0
TCTGATACTCGCCT,0,0,0,0,0
TCTTACGAACCTGA,1,1,1,1,2
TCTTCAGAGCTACA,1,1,1,1,2
TCTTGATGCGGAGA,2,2,2,4,4
TGAAATTGGTGAGG,1,1,1,1,2
TGAACCGAAAACGA,0,0,0,0,0
TGAACCGACTACTT,1,4,4,5,5
TGAACCGATTCGGA,1,4,4,5,5
TGAAGCACTCACGA,2,2,2,4,4
TGAAGCTGAACGAA,0,0,0,0,0
TGAAGCTGCATGGT,3,3,3,3,3
TGAAGCTGCGTAAC,0,0,0,0,0
TGAATAACCACTTT,0,0,0,0,0
TGAATAACTCCCAC,2,2,2,4,4
TGACACGACCTTAT,3,3,3,3,3
TGACCAGACAACCA,0,0,0,0,0
TGACCAGAGGATTC,0,0,0,0,0
TGACCGCTAAAAGC,0,0,0,2,1
TGACCGCTCTGCAA,0,0,0,0,0
TGACGATGCAAAGA,1,1,1,1,2
TGACGCCTGTACCA,0,0,0,2,1
TGACGCCTTTACTC,0,0,0,2,1
TGACTGGAAGAGAT,1,1,1,1,2
TGACTGGACCGTAA,0,0,0,0,0
TGACTGGACGCAAT,0,0,0,0,0
TGACTGGAGGACAG,3,3,3,3,3
TGACTGGATTCTCA,0,0,0,2,1
TGACTTACACACCA,0,0,0,2,1
TGACTTACAGTCTG,1,1,1,1,2
TGACTTTGCGCATA,0,0,0,0,0
TGACTTTGTTTGTC,0,0,0,2,1
TGAGACACAAGGTA,0,0,0,2,1
TGAGACACTCAAGC,2,2,2,4,4
TGAGCTGAATGCTG,1,4,4,5,5
TGAGCTGACTGGAT,1,1,1,1,2
TGAGCTGATGCTAG,1,1,1,1,2
TGAGGACTCTCATT,1,1,1,1,2
TGAGGACTTCATTC,0,0,0,2,1
TGAGGTACGAACCT,1,4,4,5,5
TGAGTCGAGTTACG,3,3,3,3,3
TGAGTGACTGAGCT,0,0,0,0,0
TGATAAACGAATCC,0,0,0,2,1
TGATAAACTCCGTC,2,2,2,6,6
TGATAAACTTTCAC,0,0,0,0,0
TGATACCTCACTAG,1,1,1,1,2
TGATACCTGTTGGT,0,0,0,0,0
TGATACCTTATGCG,0,0,0,0,0
TGATACCTTGAAGA,0,0,0,0,0
TGATATGAACCTTT,0,0,0,0,0
TGATCACTAGCATC,2,2,2,4,4
TGATCACTCTCGCT,0,0,0,0,0
TGATCACTTCTACT,3,3,3,3,3
TGATCGGACTGACA,1,4,4,5,5
TGATCGGAGGAGCA,3,3,3,3,3
TGATCGGATATGCG,1,4,4,5,5
TGATTAGACATTGG,0,0,0,2,1
TGATTAGATGACTG,3,3,3,3,3
TGATTAGATGCTAG,0,0,0,0,0
TGATTCACTATGCG,0,0,0,0,0
TGATTCACTGTCAG,3,3,3,3,3
TGATTCTGCCGAAT,0,0,0,2,1
TGATTCTGCTCTTA,0,0,0,2,1
TGCAAGTGAGAACA,0,0,0,2,1
TGCAAGTGGGTAGG,1,1,1,1,2
TGCAATCTTCAGGT,1,5,5,7,7
TGCACAGACGACAT,2,2,2,6,6
TGCCAAGAGCAGTT,1,4,4,5,5
TGCCAAGATCTCTA,0,0,0,2,1
TGCCACTGAACGTC,0,0,0,0,0
TGCCACTGCGATAC,2,2,2,6,6
TGCCAGCTTGGCAT,0,0,0,0,0
TGCCCAACAGCAAA,0,0,0,0,0
TGCCCAACCGCATA,1,4,4,5,5
TGCCGACTCTCCCA,3,3,3,3,3
TGCGAAACAGTCAC,3,3,3,3,3
TGCGAAACGTTGCA,3,3,3,3,3
TGCGATGAACGGTT,0,0,0,2,1
TGCGATGACCTCGT,0,0,0,0,0
TGCGATGACTAGTG,3,3,3,3,3
TGCGATGACTGCTC,3,3,3,3,3
TGCGATGACTTGCC,3,3,3,3,3
TGCGATGAGTGCTA,1,1,1,1,2
TGCGCACTCTTGAG,1,1,1,1,2
TGCGTAGAATAAGG,1,1,1,1,2
TGCGTAGACGGGAA,3,3,3,3,3
TGCGTAGATGGTCA,1,4,4,5,5
TGCTAGGAAACCGT,2,2,2,4,4
TGCTAGGATAGTCG,0,0,0,0,0
TGCTATACGGTTCA,1,1,1,1,2
TGCTATACTGCTGA,2,2,2,4,4
TGCTGAGAGAGCAG,2,2,2,6,6
TGCTGAGATTATCC,0,0,0,0,0
TGGAAAGACTCTCG,3,3,3,3,3
TGGAAAGAGCGATT,0,0,0,2,1
TGGAAAGAGGTCAT,1,4,4,5,5
TGGAAAGATATGGC,0,0,0,0,0
TGGAACACAAACAG,2,2,2,6,6
TGGAACACGCTAAC,2,2,2,4,4
TGGAAGCTCAGATC,0,0,0,0,0
TGGACCCTACACTG,1,1,1,1,2
TGGACCCTCATGGT,2,2,2,4,4
TGGACCCTGGTACT,1,1,1,1,2
TGGACTGAGTATGC,0,0,0,2,1
TGGAGACTATCAGC,1,1,1,1,2
TGGAGACTTCAAGC,0,0,0,0,0
TGGAGACTTGACCA,2,2,2,4,4
TGGAGGGACGGAGA,1,1,1,1,2
TGGAGGGAGCTATG,0,0,0,0,0
TGGATCGATAAAGG,0,0,0,0,0
TGGATGTGACCTAG,3,3,3,3,3
TGGATGTGTGAAGA,3,3,3,3,3
TGGATTCTCATACG,2,2,2,4,4
TGGCAATGCTTGTT,3,3,3,3,3
TGGCACCTTCACGA,0,0,0,0,0
TGGCACCTTCAGTG,1,1,1,1,2
TGGGTATGAAGAGT,0,0,0,2,1
TGGGTATGCACAAC,0,0,0,2,1
TGGGTATGGTACGT,3,3,3,3,3
TGGGTATGTTTGGG,1,1,1,1,2
TGGTAGACATGCCA,0,0,0,2,1
TGGTAGACCCTCAC,2,2,2,6,6
TGGTAGACCTGATG,0,0,0,2,1
TGGTAGTGCACTGA,1,1,1,1,2
TGGTATCTAAACAG,0,0,0,0,0
TGGTATCTCTTCCG,0,0,0,0,0
TGGTCAGACCCAAA,0,0,0,0,0
TGGTTACTGACGTT,1,1,1,1,2
TGGTTACTGTTCTT,0,0,0,0,0
TGTAACCTAGAGGC,0,0,0,0,0
TGTAACCTTGCCTC,1,1,1,1,2
TGTAATGACACAAC,2,2,2,6,6
TGTAATGAGGTAAA,2,2,2,6,6
TGTACTTGCTCTAT,1,4,4,5,5
TGTAGGTGCGAGAG,3,3,3,3,3
TGTAGGTGCTATGG,0,0,0,2,1
TGTAGGTGCTCTAT,1,5,5,7,7
TGTAGGTGTGCTGA,0,0,0,0,0
TGTAGTCTTCCAGA,0,0,0,0,0
TGTAGTCTTGCACA,2,2,2,4,4
TGTATCTGTTAGGC,0,0,0,2,1
TGTATGCTCATGGT,3,3,3,3,3
TGTATGCTGTAGGG,0,0,0,0,0
TGTATGCTTTCATC,0,0,0,0,0
TGTCAGGAATACCG,0,0,0,0,0
TGTCAGGAGATGAA,1,4,4,5,5
TGTCTAACCCCTTG,0,0,0,0,0
TGTGACGATTCTCA,2,2,2,4,4
TGTGAGACTGTCAG,1,4,4,5,5
TGTGAGACTTGAGC,0,0,0,2,1
TGTGAGTGACCACA,0,0,0,0,0
TGTGAGTGAGTGCT,1,4,4,5,5
TGTGAGTGGAGATA,2,2,2,4,4
TGTGATCTCTCTAT,3,3,3,3,3
TGTGATCTGACACT,0,0,0,0,0
TGTGGATGGCCAAT,3,3,3,3,3
TGTTAAGACAAAGA,1,1,1,1,2
TGTTAAGATAAGGA,1,1,1,1,2
TGTTACACCGCATA,1,4,4,5,5
TGTTACACGACTAC,1,4,4,5,5
TGTTACTGGCTACA,2,2,2,4,4
TGTTACTGTAGTCG,2,2,2,4,4
TTAACCACCGTAAC,0,0,0,0,0
TTAACCACTAAGGA,2,2,2,4,4
TTAACCACTCAGAC,2,2,2,4,4
TTACACACGTGTTG,0,0,0,2,1
TTACACACTCCTAT,0,0,0,0,0
TTACCATGAATCGC,1,1,1,1,2
TTACCATGGTTGAC,0,0,0,2,1
TTACCATGTGTCTT,2,2,2,4,4
TTACCATGTTGTGG,3,3,3,3,3
TTACGACTGAGAGC,0,0,0,2,1
TTACGACTTGACAC,1,1,1,1,2
TTACGTACGTTCAG,1,4,6,8,8
TTACTCGAAGAATG,1,1,1,1,2
TTACTCGACGCAAT,1,5,5,7,7
TTACTCGAGGGTGA,0,0,0,0,0
TTACTCGATCTACT,2,2,2,6,6
TTAGAATGTGGTGT,0,0,0,0,0
TTAGAATGTGTAGC,0,0,0,0,0
TTAGACCTCCTACC,0,0,0,0,0
TTAGACCTCCTTTA,1,1,1,1,2
TTAGCTACAACCGT,0,0,0,0,0
TTAGCTACTGTCCC,1,1,1,1,2
TTAGCTACTTTCGT,0,0,0,2,1
TTAGGGACGCGAAG,2,2,2,4,4
TTAGGGTGCTGGAT,3,3,3,3,3
TTAGGGTGTCCTGC,1,1,1,1,2
TTAGGTCTACTTTC,1,1,1,1,2
TTAGTCACCAGTTG,0,0,0,2,1
TTAGTCTGAAAGCA,3,3,3,3,3
TTAGTCTGCCAACA,2,2,2,6,6
TTAGTCTGTGCACA,0,0,0,2,1
TTATCCGACTAGTG,3,3,3,3,3
TTATCCGAGAAAGT,1,1,1,1,2
TTATGAGAGATAAG,0,0,0,0,0
TTATGCACGTCACA,3,3,3,3,3
TTATGGCTTATGGC,1,5,5,7,7
TTATTCCTATGCTG,1,1,1,1,2
TTATTCCTGGACAG,3,3,3,3,3
TTATTCCTGGTACT,3,3,3,3,3
TTATTCCTTCGTGA,0,0,0,2,1
TTCAAAGATAAAGG,2,2,2,4,4
TTCAACACAACAGA,0,0,0,0,0
TTCAACACCCCAAA,1,1,1,1,2
TTCAACACGGACGA,1,4,4,5,5
TTCAAGCTAAGAAC,1,1,1,1,2
TTCAAGCTAGATGA,0,0,0,2,1
TTCAAGCTGTTGAC,0,0,0,2,1
TTCAAGCTTGATGC,0,0,0,0,0
TTCAAGCTTTCGCC,0,0,0,0,0
TTCACAACCCGTTC,1,1,1,1,2
TTCACAACGTCTGA,1,4,4,5,5
TTCAGACTACCCAA,0,0,0,0,0
TTCAGACTCTCGAA,0,0,0,0,0
TTCAGTACCGACTA,0,0,0,0,1
TTCAGTACTCAAGC,0,0,0,2,1
TTCAGTACTCCTAT,1,1,1,1,2
TTCAGTTGCCAAGT,0,0,0,2,1
TTCAGTTGTCCTTA,1,5,5,7,7
TTCAGTTGTCTAGG,0,0,0,0,0
TTCAGTTGTCTCGC,3,3,3,3,3
TTCATCGAGGTGGA,1,1,1,1,2
TTCATGTGTGGTGT,0,0,0,2,1
TTCATTCTATGTCG,1,1,1,1,2
TTCATTCTTCTCTA,0,0,0,0,0
TTCCAAACCTATGG,1,1,1,1,2
TTCCAAACCTCCCA,3,3,3,3,3
TTCCAAACTCCCAC,2,2,2,6,6
TTCCAAACTTGACG,2,2,2,4,4
TTCCATGACGAGAG,1,1,1,1,2
TTCCATGACTGTCC,0,0,0,0,0
TTCCCACTTGAGGG,2,2,2,6,6
TTCCCACTTGTCTT,1,1,1,1,2
TTCCTAGAAAGTGA,0,0,0,0,0
TTCCTAGACTAGTG,1,4,4,5,5
TTCGAGGACTCTAT,0,0,0,2,1
TTCGAGGAGGGCAA,0,0,0,2,1
TTCGAGGATAGAAG,1,4,4,5,5
TTCGATTGAGCATC,0,0,0,0,0
TTCGGAGAATGCCA,1,1,1,1,2
TTCGGAGATGTGCA,0,0,0,0,0
TTCGTATGAAAAGC,2,2,2,4,4
TTCGTATGGATAGA,2,2,2,4,4
TTCGTATGGTCTGA,0,0,0,0,0
TTCGTATGTCCTTA,1,1,1,1,2
TTCTACGAACGTAC,0,0,0,0,0
TTCTACGAGTTGGT,0,0,0,2,1
TTCTAGTGACACGT,0,0,0,2,1
TTCTAGTGCATGAC,1,1,1,1,2
TTCTAGTGGAGAGC,2,2,2,6,6
TTCTAGTGGTCACA,1,1,1,1,2
TTCTCAGAAGAGAT,0,0,0,0,0
TTCTCAGAAGCATC,3,3,3,3,3
TTCTCAGATGGAGG,0,0,0,2,1
TTCTGATGGAGACG,2,2,2,6,6
TTCTTACTCTGGAT,1,4,4,5,5
TTGAACCTCCTTGC,3,3,3,3,3
TTGAATGAACTACG,1,4,4,5,5
TTGAATGACTTACT,0,0,0,0,0
TTGAATGATCTCAT,3,3,3,3,3
TTGACACTCTGTAG,0,0,0,0,0
TTGACACTGATAAG,3,3,3,3,3
TTGAGGACAGAACA,1,1,1,1,2
TTGAGGACTACGCA,1,5,5,7,7
TTGAGGTGGACGGA,0,0,0,0,0
TTGCATTGAGCTAC,2,2,2,4,4
TTGCATTGCTAAGC,1,1,1,1,2
TTGCATTGTGACTG,0,0,0,0,1
TTGCTAACACCAAC,2,2,2,4,4
TTGCTAACACGCTA,1,4,4,5,5
TTGCTAACCACTCC,0,0,0,0,0
TTGCTATGGTACGT,1,1,1,1,2
TTGCTATGGTAGGG,1,4,4,5,5
TTGGAGACCAATCG,0,0,0,2,1
TTGGAGACGCTATG,1,1,1,1,2
TTGGAGACTATGGC,3,3,3,3,3
TTGGGAACTGAACC,0,0,0,0,0
TTGGTACTACTGGT,1,1,1,1,2
TTGGTACTCTTAGG,0,0,0,0,0
TTGGTACTGAATCC,3,3,3,3,3
TTGGTACTGGATTC,3,3,3,3,3
TTGTACACGTTGTG,3,3,3,3,3
TTGTACACTTGCAG,0,0,0,2,1
TTGTAGCTAGCTCA,0,0,0,2,1
TTGTAGCTCTCTTA,3,3,3,3,3
TTGTCATGGACGGA,2,2,2,6,6
TTTAGAGATCCTCG,3,3,3,3,3
TTTAGCTGATACCG,0,0,0,0,0
TTTAGCTGGATACC,1,1,1,1,2
TTTAGCTGTACTCT,1,5,5,7,7
TTTAGGCTCCTTTA,1,1,1,1,2
TTTATCCTGTTGTG,1,1,1,1,2
TTTCACGAGGTTCA,0,0,0,0,0
TTTCAGTGGAAGGC,2,2,2,4,4
TTTCAGTGTCACGA,3,3,3,3,3
TTTCAGTGTCTATC,1,1,1,1,2
TTTCAGTGTGCAGT,3,3,3,3,3
TTTCCAGAGGTGAG,0,0,0,2,1
TTTCGAACACCTGA,1,5,5,7,7
TTTCGAACTCTCAT,1,1,1,1,2
TTTCTACTGAGGCA,3,3,3,3,3
TTTCTACTTCCTCG,3,3,3,3,3
TTTGCATGAGAGGC,3,3,3,3,3
TTTGCATGCCTCAC,0,0,0,0,0
