"","orig.ident","nCount_RNA","nFeature_RNA","seurat_annotations","percent.mt","res.0.1","res.0.2","res.0.3","res.0.4","res.0.5"
"AAACATTGAGCTAC","pbmc3k",4903,1352,"B",3.79359575769937,"3","4","3","3","3"
"AAACCGTGCTTCCG","pbmc3k",2639,960,"CD14+ Mono",1.74308450170519,"1","5","5","5","5"
"AAACCGTGTATGCG","pbmc3k",980,521,"NK",1.22448979591837,"2","3","2","2","2"
"AAACGCTGTAGCCA","pbmc3k",1275,532,"Naive CD4 T",1.17647058823529,"0","0","0","0","0"
"AAACGCTGTTTCTG","pbmc3k",1103,550,"FCGR3A+ Mono",2.9011786038078,"1","2","1","1","1"
"AAACTTGAAAAACG","pbmc3k",3914,1112,"B",2.63157894736842,"3","4","3","3","3"
"AAAGAGACGCGAGA","pbmc3k",3033,1058,"CD14+ Mono",1.41773821299044,"1","5","5","5","5"
"AAAGGCCTGTCTAG","pbmc3k",4973,1445,"B",1.52825256384476,"3","4","3","3","3"
"AAAGTTTGGGGTGA","pbmc3k",3281,1015,"B",2.59067357512953,"3","4","3","3","3"
"AAATCAACCCTATT","pbmc3k",5676,1541,"FCGR3A+ Mono",2.43128964059197,"1","2","1","1","1"
"AAATTGACACGACT","pbmc3k",2357,836,"CD8 T",2.12134068731438,"0","1","4","4","4"
"AACACGTGTACGAC","pbmc3k",3569,1213,"FCGR3A+ Mono",2.74586718968899,"1","2","1","1","1"
"AACATTGATGGGAG","pbmc3k",4711,1458,"FCGR3A+ Mono",3.16281044364254,"1","2","1","1","1"
"AACCAGTGATACCG","pbmc3k",3840,1249,"FCGR3A+ Mono",2.78645833333333,"1","2","1","1","1"
"AACCTTACGCGAGA","pbmc3k",1246,654,"NK",4.73515248796148,"2","3","2","2","2"
"AACCTTTGGACGGA","pbmc3k",2076,764,"Naive CD4 T",1.30057803468208,"0","0","0","0","0"
"AACCTTTGTACGCA","pbmc3k",4617,1461,"FCGR3A+ Mono",1.97097682477799,"1","2","1","1","1"
"AACGCCCTCGTACA","pbmc3k",1915,876,"NK",1.40992167101828,"2","3","2","2","2"
"AACGTGTGTGCTTT","pbmc3k",1932,866,"Memory CD4 T",1.24223602484472,"0","0","0","0","0"
"AACTCGGAAAGTGA","pbmc3k",1840,732,"CD8 T",3.64130434782609,"0","1","4","4","4"
"AACTCGGAAGGTCT","pbmc3k",1289,554,"CD14+ Mono",2.40496508921645,"1","5","5","5","5"
"AAGAACGAGTGTTG","pbmc3k",780,397,"Naive CD4 T",1.41025641025641,"0","0","0","0","0"
"AAGATTACCGCCTT","pbmc3k",3062,1078,"DC",1.76355323318093,"4","6","6","6","6"
"AAGATTACCTCAAG","pbmc3k",2279,937,"NK",2.45721807810443,"2","3","2","2","2"
"AAGCAAGAGCGAGA","pbmc3k",2478,898,"Memory CD4 T",2.30024213075061,"0","0","0","0","0"
"AAGCAAGAGGTGTT","pbmc3k",1684,857,"NK",1.72209026128266,"2","3","2","2","2"
"AAGCCATGAACTGC","pbmc3k",7064,1871,"DC",1.40147225368063,"4","6","6","6","6"
"AAGCGACTTTGACG","pbmc3k",3668,1185,"FCGR3A+ Mono",1.52671755725191,"1","2","1","1","1"
"AAGCGTACGTCTTT","pbmc3k",2046,648,"Naive CD4 T",3.91006842619746,"0","0","0","0","0"
"AAGGCTTGCGAACT","pbmc3k",2075,774,"CD8 T",0.91566265060241,"0","1","4","4","4"
"AAGGTCACTGTTTC","pbmc3k",1773,640,"B",1.86125211505922,"3","4","3","3","3"
"AAGGTCACTTCCCG","pbmc3k",2385,855,"CD8 T",2.47379454926625,"0","1","4","4","4"
"AAGTAGGATACAGC","pbmc3k",1723,892,"NK",1.85722576900754,"2","3","2","2","2"
"AAGTATACCGAACT","pbmc3k",3251,933,"Naive CD4 T",1.8455859735466,"0","0","0","0","0"
"AAGTCCGACTTGTT","pbmc3k",1523,604,"Naive CD4 T",2.42941562705187,"0","0","0","0","0"
"AAGTCTCTCGGAGA","pbmc3k",1838,679,"CD8 T",3.04678998911861,"0","1","4","4","4"
"AAGTGGCTTGGAGG","pbmc3k",1572,603,"B",2.03562340966921,"3","4","3","3","3"
"AAGTTCCTTCTTAC","pbmc3k",3264,1030,"Memory CD4 T",2.94117647058824,"0","0","0","0","0"
"AATAAGCTCGAATC","pbmc3k",2759,886,"Memory CD4 T",2.35592606016673,"0","0","0","0","0"
"AATAAGCTCGTTGA","pbmc3k",1604,601,"Naive CD4 T",1.30922693266833,"0","0","0","0","0"
"AATACCCTGGACGA","pbmc3k",1500,609,"B",2.2,"3","4","3","3","3"
"AATACTGAAAGGGC","pbmc3k",1745,667,"CD8 T",1.03151862464183,"0","1","4","4","4"
"AATACTGAATTGGC","pbmc3k",1815,793,"NK",1.92837465564738,"2","3","2","2","2"
"AATCAAACTATCGG","pbmc3k",1457,637,"CD8 T",2.26492793411119,"0","1","4","4","4"
"AATCCTTGACGGGA","pbmc3k",2533,860,"CD14+ Mono",2.36873272799052,"1","5","5","5","5"
"AATCGGTGTGCTTT","pbmc3k",1894,743,"Naive CD4 T",1.95353748680042,"0","0","0","0","0"
"AATCTCACAGCCTA","pbmc3k",3553,1228,"CD14+ Mono",2.13903743315508,"1","5","5","5","5"
"AATCTCTGAACAGA","pbmc3k",2183,715,"Naive CD4 T",1.6032982134677,"0","0","0","0","0"
"AATCTCTGCTTTAC","pbmc3k",1709,667,"NK",1.81392627267408,"2","3","2","2","2"
"AATGCGTGGCTATG","pbmc3k",2224,872,"B",2.06834532374101,"3","4","3","3","3"
"AATGGAGAATCGTG","pbmc3k",2380,846,"CD14+ Mono",3.27731092436975,"1","5","5","5","5"
"AATGGCTGTACTCT","pbmc3k",1207,603,"CD8 T",4.97100248550124,"0","1","4","4","4"
"AATTACGAATTCCT","pbmc3k",4510,1313,"DC",1.88470066518847,"4","6","6","6","6"
"AATTACGACTTCTA","pbmc3k",2568,798,"Naive CD4 T",1.16822429906542,"0","0","0","0","0"
"AATTGATGTCGCAA","pbmc3k",3970,1295,"FCGR3A+ Mono",3.09823677581864,"1","2","1","1","1"
"ACAAATTGCTCAGA","pbmc3k",954,466,"CD14+ Mono",2.83018867924528,"1","5","5","5","5"
"ACAAATTGTTGCGA","pbmc3k",2326,936,"NK",2.62252794496991,"2","3","2","2","2"
"ACAACCGAGGGATG","pbmc3k",2384,977,"NK",1.76174496644295,"2","3","2","2","2"
"ACACGATGATGTGC","pbmc3k",2314,889,"CD14+ Mono",3.45721694036301,"1","5","5","5","5"
"ACACGATGTGGTCA","pbmc3k",2310,918,"CD8 T",1.68831168831169,"0","1","4","4","4"
"ACAGACACGGCATT","pbmc3k",2137,797,"Memory CD4 T",3.13523631258774,"0","1","4","4","4"
"ACAGTGTGTTGCGA","pbmc3k",2273,855,"CD14+ Mono",2.24373075230972,"1","5","5","5","5"
"ACATGGTGCAACCA","pbmc3k",2147,756,"B",2.74802049371216,"3","4","3","3","3"
"ACCACGCTACCCAA","pbmc3k",1936,775,"CD8 T",2.47933884297521,"0","1","4","4","4"
"ACCCAAGAACTGTG","pbmc3k",1704,805,"CD8 T",2.11267605633803,"0","1","4","4","4"
"ACCCAAGAATTCCT","pbmc3k",3562,1222,"FCGR3A+ Mono",1.4879281302639,"1","2","1","1","1"
"ACCCAAGATTCACT","pbmc3k",1973,666,"B",2.88900152052712,"3","4","3","3","3"
"ACCCACTGCGCCTT","pbmc3k",986,489,"CD14+ Mono",2.73833671399594,"1","5","5","5","5"
"ACCCACTGGTTCAG","pbmc3k",556,338,"Platelet",1.2589928057554,"0","1","7","7","7"
"ACCCAGCTCAGAAA","pbmc3k",2388,836,"Memory CD4 T",1.88442211055276,"0","0","0","0","0"
"ACCCGTTGATGACC","pbmc3k",1508,581,"B",2.91777188328912,"3","4","3","3","3"
"ACCCGTTGCTTCTA","pbmc3k",6083,1852,"DC",1.43021535426599,"4","6","6","6","6"
"ACCTATTGTGCCCT","pbmc3k",4056,1303,"FCGR3A+ Mono",2.76134122287968,"1","2","1","1","1"
"ACCTGAGATATCGG","pbmc3k",1523,703,"Platelet",3.74261326329613,"1","5","5","5","5"
"ACGAACTGGCTATG","pbmc3k",8875,2413,"Platelet",1.57746478873239,"0","1","7","7","7"
"ACGACCCTATCTCT","pbmc3k",4076,1316,"FCGR3A+ Mono",2.06084396467125,"1","2","1","1","1"
"ACGACCCTTGACAC","pbmc3k",2793,823,"B",1.64697457930541,"3","4","3","3","3"
"ACGAGGGACAGGAG","pbmc3k",7928,1991,"DC",1.46316851664985,"4","6","6","6","6"
"ACGAGGGATGTAGC","pbmc3k",3052,1033,"Memory CD4 T",2.39187418086501,"0","0","0","0","0"
"ACGAGTACCCTAAG","pbmc3k",1257,543,"B",1.82975338106603,"3","4","3","3","3"
"ACGAGTACGAATCC","pbmc3k",3619,1186,"B",1.57502072395689,"3","4","3","3","3"
"ACGATGACAATGCC","pbmc3k",2245,818,"Memory CD4 T",2.04899777282851,"0","0","0","0","0"
"ACGCGGTGTGTGGT","pbmc3k",2603,881,"B",2.26661544371879,"3","4","3","3","3"
"ACGCTGCTGTTCTT","pbmc3k",1954,974,"NK",1.07471852610031,"2","3","2","2","2"
"ACGGTAACCGCTAA","pbmc3k",1865,751,"CD8 T",2.68096514745308,"0","0","0","0","0"
"ACGGTAACGGTGGA","pbmc3k",810,365,"Naive CD4 T",4.19753086419753,"0","0","0","0","0"
"ACGTCAGAAACGAA","pbmc3k",2166,836,"Memory CD4 T",2.16989843028624,"0","0","0","0","0"
"ACGTCAGAGAGCTT","pbmc3k",1909,721,"CD14+ Mono",2.40963855421687,"1","5","5","5","5"
"ACGTCGCTCTATTC","pbmc3k",1584,698,"CD14+ Mono",3.40909090909091,"1","5","5","5","5"
"ACGTCGCTTCTCAT","pbmc3k",1600,616,"B",2.5,"3","4","3","3","3"
"ACGTGATGCCATGA","pbmc3k",5437,1414,"DC",2.63012690822145,"4","6","6","6","6"
"ACGTGATGTGACAC","pbmc3k",2134,980,"NK",3.18650421743205,"2","3","2","2","2"
"ACGTGCCTCCGTAA","pbmc3k",2176,865,"Memory CD4 T",1.37867647058824,"0","0","0","0","0"
"ACTACGGAATTTCC","pbmc3k",2187,835,"Memory CD4 T",1.92043895747599,"0","0","0","0","0"
"ACTCAGGATCTATC","pbmc3k",1869,750,"B",1.49812734082397,"3","4","3","3","3"
"ACTCAGGATTCGTT","pbmc3k",1009,435,"CD14+ Mono",1.98216055500496,"1","5","5","5","5"
"ACTCCTCTCAACTG","pbmc3k",3266,1141,"Memory CD4 T",2.08205756276791,"0","0","0","0","0"
"ACTCGCACTACGAC","pbmc3k",1872,718,"CD14+ Mono",1.12179487179487,"1","5","5","5","5"
"ACTGCCACTCCGTC","pbmc3k",1737,872,"NK",4.08750719631549,"2","3","2","2","2"
"ACTGGCCTTCAGTG","pbmc3k",1656,824,"NK",2.05314009661836,"2","3","2","2","2"
"ACTTAAGATTACTC","pbmc3k",2821,1018,"DC",2.87132222616094,"4","6","6","6","6"
"ACTTAGCTGCGTAT","pbmc3k",3264,1213,"FCGR3A+ Mono",1.5625,"1","2","1","1","1"
"ACTTGGGATGTGAC","pbmc3k",791,389,"FCGR3A+ Mono",0.126422250316056,"1","2","1","1","1"
"ACTTGTACCTGTCC","pbmc3k",1148,455,"Naive CD4 T",1.21951219512195,"0","0","0","0","0"
"ACTTTGTGGAAAGT","pbmc3k",2368,755,"Naive CD4 T",1.1402027027027,"0","0","0","0","0"
"AGAAACGAAAGTAG","pbmc3k",1428,569,"B",2.87114845938375,"3","4","3","3","3"
"AGAAAGTGCGCAAT","pbmc3k",3021,867,"Naive CD4 T",2.0191989407481,"0","0","0","0","0"
"AGAACAGAAATGCC","pbmc3k",1879,916,"NK",1.70303352847259,"2","3","2","2","2"
"AGACGTACCCCTAC","pbmc3k",1516,671,"B",3.10026385224274,"3","4","3","3","3"
"AGACGTACTCGTGA","pbmc3k",2242,862,"FCGR3A+ Mono",4.14808206958073,"1","2","1","1","1"
"AGACTGACCATCAG","pbmc3k",1894,765,"CD8 T",3.43189017951426,"0","1","4","4","4"
"AGACTGACCCTTTA","pbmc3k",2910,962,"Naive CD4 T",2.71477663230241,"0","0","0","0","0"
"AGAGATGACAGTCA","pbmc3k",1339,569,"B",3.21135175504108,"3","4","3","3","3"
"AGAGATGACTGAAC","pbmc3k",1972,676,"Naive CD4 T",2.38336713995943,"0","0","0","0","0"
"AGAGCGGAGGCAAG","pbmc3k",5226,1422,"CD14+ Mono",1.35859165709912,"1","5","5","5","5"
"AGAGTGCTGTCCTC","pbmc3k",1943,782,"CD8 T",2.11013896037056,"0","1","4","4","4"
"AGAGTGCTGTGTTG","pbmc3k",1634,695,"B",3.24357405140759,"3","4","3","3","3"
"AGATATACCCGTAA","pbmc3k",2258,1055,"NK",1.50575730735164,"2","3","2","2","2"
"AGATATTGCCTACC","pbmc3k",2393,917,"CD8 T",1.00292519849561,"0","1","4","4","4"
"AGATATTGGCCAAT","pbmc3k",4073,1248,"CD14+ Mono",1.44856371225141,"1","5","5","5","5"
"AGATTCCTCACTTT","pbmc3k",2199,791,"CD14+ Mono",2.72851296043656,"1","5","5","5","5"
"AGATTCCTGTTCAG","pbmc3k",2315,1022,"NK",3.19654427645788,"2","3","2","2","2"
"AGCACTGATATGCG","pbmc3k",2297,975,"Memory CD4 T",0.914235959947758,"0","0","0","0","0"
"AGCACTGATGCTTT","pbmc3k",5149,1605,"DC",2.19460089337735,"4","6","6","6","6"
"AGCATCGAAGATCC","pbmc3k",1726,772,"Memory CD4 T",2.37543453070684,"0","0","0","0","0"
"AGCATCGAGCTTCC","pbmc3k",2581,992,"CD14+ Mono",3.95195660596668,"1","5","5","5","5"
"AGCATCGATAACCG","pbmc3k",2780,1045,"CD14+ Mono",1.36690647482014,"1","5","5","5","5"
"AGCATGACGATGAA","pbmc3k",1869,705,"CD8 T",2.08667736757624,"0","1","4","4","4"
"AGCCAATGGGGAGT","pbmc3k",1876,808,"FCGR3A+ Mono",1.59914712153518,"1","2","1","1","1"
"AGCCACCTGGATCT","pbmc3k",1983,819,"CD8 T",2.21886031265759,"0","1","4","4","4"
"AGCCGTCTCAATCG","pbmc3k",2919,914,"Naive CD4 T",4.28228845495033,"0","0","0","0","0"
"AGCCTCACTGTCAG","pbmc3k",4811,1393,"FCGR3A+ Mono",1.41342756183746,"1","2","1","1","1"
"AGCGGGCTTGCCAA","pbmc3k",2243,770,"Naive CD4 T",1.51582701738743,"0","0","0","0","0"
"AGCTGAACCATACG","pbmc3k",3215,1121,"FCGR3A+ Mono",3.76360808709176,"1","2","1","1","1"
"AGCTGCCTTTCATC","pbmc3k",5212,1703,"Memory CD4 T",2.95471987720645,"0","0","0","0","0"
"AGGAACCTCTTAGG","pbmc3k",3842,1321,"FCGR3A+ Mono",2.94117647058824,"1","2","1","1","1"
"AGGAACCTTGCCTC","pbmc3k",2187,941,"CD8 T",1.87471422039323,"0","1","4","4","4"
"AGGAATGATAACGC","pbmc3k",1975,807,"Memory CD4 T",2.78481012658228,"0","1","4","4","4"
"AGGATAGACATTTC","pbmc3k",4142,1187,"Memory CD4 T",1.11057460164172,"0","0","0","0","0"
"AGGATGCTACTAGC","pbmc3k",1803,659,"B",1.16472545757072,"3","4","3","3","3"
"AGGATGCTTTAGGC","pbmc3k",1401,713,"NK",2.21270521056388,"2","3","2","2","2"
"AGGCAGGAGTACCA","pbmc3k",2150,820,"CD8 T",3.76744186046512,"0","1","4","4","4"
"AGGGACGAGTCAAC","pbmc3k",1955,929,"NK",1.53452685421995,"2","3","2","2","2"
"AGGGACGAGTTGTG","pbmc3k",2746,860,"Naive CD4 T",1.31099781500364,"0","0","0","0","0"
"AGGGACGATAGAGA","pbmc3k",1719,671,"CD8 T",3.89761489237929,"0","1","4","4","4"
"AGGGCCACCATACG","pbmc3k",2047,788,"Naive CD4 T",1.61211529066927,"0","0","0","0","0"
"AGGGTTTGTTCATC","pbmc3k",1794,706,"CD14+ Mono",2.17391304347826,"1","5","5","5","5"
"AGGTCATGAGTGTC","pbmc3k",925,492,"B",3.24324324324324,"3","4","3","3","3"
"AGGTCATGCTTATC","pbmc3k",1586,667,"CD8 T",2.01765447667087,"0","1","4","4","4"
"AGGTCTGATTCTCA","pbmc3k",2730,981,"FCGR3A+ Mono",2.08791208791209,"1","2","1","1","1"
"AGGTTCGAGGGTGA","pbmc3k",1154,431,"Naive CD4 T",2.33968804159445,"0","0","0","0","0"
"AGTACTCTCAACCA","pbmc3k",1766,762,"CD8 T",4.86976217440544,"0","1","4","4","4"
"AGTATAACTTGTCT","pbmc3k",4454,1498,"FCGR3A+ Mono",3.21059721598563,"1","2","1","1","1"
"AGTCACGATGAGCT","pbmc3k",3717,1378,"NK",1.45278450363196,"2","3","2","2","2"
"AGTCAGACGAATAG","pbmc3k",3303,1168,"Memory CD4 T",1.66515289131093,"0","0","0","0","0"
"AGTCTACTAGGGTG","pbmc3k",1190,540,"CD14+ Mono",0.92436974789916,"1","5","5","5","5"
"AGTCTTACTTCGCC","pbmc3k",2126,851,"CD8 T",3.57478833490122,"0","1","4","4","4"
"AGTCTTACTTCGGA","pbmc3k",663,273,"Platelet",0.754147812971342,"0","1","7","7","7"
"AGTTATGACTGAGT","pbmc3k",2087,946,"Memory CD4 T",0.574988021082894,"0","0","0","0","0"
"AGTTTCACGGTCTA","pbmc3k",2519,1078,"CD8 T",1.15125049622866,"0","1","4","4","4"
"ATAAGTTGGTACGT","pbmc3k",1354,581,"FCGR3A+ Mono",2.43722304283604,"1","2","1","1","1"
"ATACCACTCTAAGC","pbmc3k",4132,1173,"DC",2.42013552758955,"4","6","6","6","6"
"ATACCACTGCCAAT","pbmc3k",1579,742,"NK",3.35655478150728,"2","3","2","2","2"
"ATACCGGAATGCTG","pbmc3k",6580,1859,"DC",2.29483282674772,"4","6","6","6","6"
"ATACCGGACATTTC","pbmc3k",2213,841,"CD14+ Mono",1.89787618617262,"1","5","5","5","5"
"ATACCGGACTTCGC","pbmc3k",2693,943,"Memory CD4 T",2.22799851466766,"0","0","0","0","0"
"ATACGGACTATGCG","pbmc3k",1472,522,"B",2.17391304347826,"3","4","3","3","3"
"ATACGGACTCTGGA","pbmc3k",1468,618,"CD14+ Mono",3.47411444141689,"1","5","5","5","5"
"ATACGTCTTAACGC","pbmc3k",2010,748,"CD14+ Mono",4.5273631840796,"1","5","5","5","5"
"ATACTCTGGTATGC","pbmc3k",1618,833,"NK",2.16316440049444,"2","3","2","2","2"
"ATAGCGTGTCTCTA","pbmc3k",2272,838,"Memory CD4 T",1.84859154929577,"0","0","0","0","0"
"ATAGTCCTAGTGTC","pbmc3k",2203,884,"CD14+ Mono",2.13345438039038,"1","5","5","5","5"
"ATAGTTGACCCTCA","pbmc3k",4272,1317,"FCGR3A+ Mono",1.87265917602996,"1","2","1","1","1"
"ATATGCCTAGATCC","pbmc3k",1910,725,"CD14+ Mono",2.04188481675393,"1","5","5","5","5"
"ATATGCCTTCTCTA","pbmc3k",1090,479,"Memory CD4 T",1.37614678899083,"0","0","0","0","0"
"ATATGCCTTGGTAC","pbmc3k",2020,727,"Naive CD4 T",1.73267326732673,"0","0","0","0","0"
"ATCAAATGGGTAAA","pbmc3k",4209,1280,"FCGR3A+ Mono",2.2808267997149,"1","2","1","1","1"
"ATCACGGATTTCGT","pbmc3k",1788,733,"B",2.18120805369128,"3","4","3","3","3"
"ATCATCTGACACCA","pbmc3k",736,366,"Platelet",0.679347826086957,"0","1","7","7","7"
"ATCCAGGACGCTAA","pbmc3k",3754,1277,"FCGR3A+ Mono",1.2519978689398,"1","2","1","1","1"
"ATCCCGTGCAGTCA","pbmc3k",1995,1002,"NK",1.95488721804511,"2","3","2","2","2"
"ATCCTAACGACGGA","pbmc3k",1776,634,"B",3.65990990990991,"3","4","3","3","3"
"ATCGACGAAACTGC","pbmc3k",3305,1181,"CD14+ Mono",1.11951588502269,"1","5","5","5","5"
"ATCGCGCTTTTCGT","pbmc3k",1779,715,"B",2.58572231590781,"3","4","3","3","3"
"ATCTACACCCGCTT","pbmc3k",753,373,"CD14+ Mono",1.72642762284197,"1","5","5","5","5"
"ATCTGGGAAGTGTC","pbmc3k",3474,1178,"CD14+ Mono",1.72711571675302,"1","5","5","5","5"
"ATCTGTTGAACGGG","pbmc3k",2309,855,"Memory CD4 T",1.60242529233434,"0","0","0","0","0"
"ATCTGTTGGTTGCA","pbmc3k",2910,964,"Memory CD4 T",1.30584192439863,"0","0","0","0","0"
"ATCTTGACCTCCCA","pbmc3k",1399,565,"CD14+ Mono",3.14510364546104,"1","5","5","5","5"
"ATCTTTCTTGTCCC","pbmc3k",1911,923,"NK",3.50601779173208,"2","3","2","2","2"
"ATGAAACTGAGGCA","pbmc3k",1972,657,"Naive CD4 T",2.23123732251521,"0","0","0","0","0"
"ATGAAGGACCTGTC","pbmc3k",2047,743,"B",3.76160234489497,"3","4","3","3","3"
"ATGAAGGACTTGCC","pbmc3k",1799,904,"NK",1.50083379655364,"2","3","2","2","2"
"ATGATAACTTCACT","pbmc3k",1522,807,"NK",1.05124835742444,"2","3","2","2","2"
"ATGATATGGTCATG","pbmc3k",1768,687,"Naive CD4 T",1.69683257918552,"0","0","0","0","0"
"ATGCACGACTGTAG","pbmc3k",1477,650,"Memory CD4 T",1.6926201760325,"0","0","0","0","0"
"ATGCAGTGTTCTAC","pbmc3k",2330,820,"Memory CD4 T",3.13304721030043,"0","0","0","0","0"
"ATGCCGCTTGAACC","pbmc3k",2460,914,"CD14+ Mono",2.72357723577236,"1","5","5","5","5"
"ATGCGATGGTTACG","pbmc3k",2229,794,"B",1.34589502018843,"3","4","3","3","3"
"ATGGGTACATCGGT","pbmc3k",1873,907,"NK",1.65509877202349,"2","3","2","2","2"
"ATGTAAACACCTCC","pbmc3k",2155,791,"Naive CD4 T",1.76334106728538,"0","0","0","0","0"
"ATGTAAACCCGCTT","pbmc3k",2956,1040,"Memory CD4 T",1.3531799729364,"0","0","0","0","0"
"ATGTAAACGGGATG","pbmc3k",3960,1342,"DC",3.53535353535354,"4","6","6","6","6"
"ATGTACCTTAGTCG","pbmc3k",2213,936,"Memory CD4 T",0.406687754179846,"0","0","0","0","0"
"ATGTTCACCGTAGT","pbmc3k",2456,847,"Memory CD4 T",2.85016286644951,"0","0","0","0","0"
"ATGTTGCTTTCAGG","pbmc3k",2014,739,"Memory CD4 T",1.43992055610725,"0","0","0","0","0"
"ATTAACGATGAGAA","pbmc3k",1291,604,"NK",4.10534469403563,"2","3","2","2","2"
"ATTACCTGCCTTAT","pbmc3k",3534,1104,"CD14+ Mono",1.55631013016412,"1","5","5","5","5"
"ATTACCTGGAGGAC","pbmc3k",3447,1109,"FCGR3A+ Mono",0.986364955033362,"1","2","1","1","1"
"ATTATGGAATCTCT","pbmc3k",2732,1006,"Memory CD4 T",0.915080527086384,"0","0","0","0","0"
"ATTCAAGACCTTTA","pbmc3k",1973,814,"Memory CD4 T",2.12873796249366,"0","0","0","0","0"
"ATTCAGCTCATTGG","pbmc3k",916,345,"Platelet",2.94759825327511,"0","1","7","7","7"
"ATTCGACTTTTGTC","pbmc3k",2614,1024,"FCGR3A+ Mono",2.41009946442234,"1","2","1","1","1"
"ATTGCACTGAGAGC","pbmc3k",2965,1078,"FCGR3A+ Mono",1.72006745362563,"1","2","1","1","1"
"ATTGCACTGGAGCA","pbmc3k",1621,690,"CD14+ Mono",2.59099321406539,"1","5","5","5","5"
"ATTGCACTTAGCCA","pbmc3k",2391,862,"Memory CD4 T",0.878293601003764,"0","0","0","0","0"
"ATTGGTCTTGTCTT","pbmc3k",752,389,"B",1.32978723404255,"3","4","3","3","3"
"ATTGTAGATTCCCG","pbmc3k",5496,1647,"DC",2.31077147016012,"4","6","6","6","6"
"ATTTAGGACAGAGG","pbmc3k",2433,918,"Memory CD4 T",1.06863953966297,"0","0","0","0","0"
"ATTTCTCTACTTTC","pbmc3k",4148,1273,"FCGR3A+ Mono",2.86885245901639,"1","2","1","1","1"
"ATTTCTCTAGCAAA","pbmc3k",2439,985,"Memory CD4 T",1.3530135301353,"0","0","0","0","0"
"ATTTGCACAAGATG","pbmc3k",1525,626,"CD14+ Mono",4.19672131147541,"1","5","5","5","5"
"CAAAGCACGGTAAA","pbmc3k",2136,1007,"CD8 T",1.40449438202247,"2","3","2","2","2"
"CAACCAGAAAAGTG","pbmc3k",2234,770,"Naive CD4 T",2.50671441360788,"0","0","0","0","0"
"CAACCGCTTTGAGC","pbmc3k",2299,805,"Memory CD4 T",2.39234449760766,"0","0","0","0","0"
"CAAGACTGACCTGA","pbmc3k",1669,576,"B",1.91731575793889,"3","4","3","3","3"
"CAAGCTGACCATAG","pbmc3k",3771,1272,"FCGR3A+ Mono",2.86396181384248,"1","2","1","1","1"
"CAAGGTTGTCATTC","pbmc3k",1864,679,"B",3.2725321888412,"3","4","3","3","3"
"CAAGGTTGTCTGGA","pbmc3k",2040,957,"NK",1.91176470588235,"2","3","2","2","2"
"CAATTCACCCAACA","pbmc3k",1845,736,"CD8 T",3.03523035230352,"0","1","4","4","4"
"CAATTCTGGCGTAT","pbmc3k",1684,699,"FCGR3A+ Mono",3.74109263657957,"1","2","1","1","1"
"CACAATCTTGTTCT","pbmc3k",1546,696,"CD8 T",1.9404915912031,"0","0","0","0","0"
"CACAGCCTGATACC","pbmc3k",2829,997,"CD8 T",2.54506892895016,"0","0","0","0","4"
"CACAGCCTTGCCAA","pbmc3k",2292,940,"FCGR3A+ Mono",2.92321116928447,"1","2","1","1","1"
"CACATACTACAGCT","pbmc3k",1852,710,"CD8 T",1.5658747300216,"0","1","4","4","4"
"CACCACTGGCGAAG","pbmc3k",2217,917,"NK",1.44339197113216,"0","1","4","4","4"
"CACCGGGACGAGAG","pbmc3k",2587,894,"CD8 T",2.04870506378044,"0","1","4","4","4"
"CACCTGACACCCAA","pbmc3k",2229,908,"CD8 T",1.83938986092418,"0","1","4","4","4"
"CACCTGACCTCAAG","pbmc3k",1929,775,"CD8 T",2.12545360290306,"0","1","4","4","4"
"CACGACCTCGATAC","pbmc3k",1766,690,"B",2.15175537938845,"3","4","3","3","3"
"CACGCTACAGAAGT","pbmc3k",683,378,"Naive CD4 T",3.22108345534407,"0","0","0","0","0"
"CACGGGTGCTTCGC","pbmc3k",1789,826,"CD8 T",1.22973728339855,"0","1","4","4","4"
"CACTAGGATGATGC","pbmc3k",1219,554,"B",2.05086136177194,"3","4","3","3","3"
"CACTGCTGAGACTC","pbmc3k",3138,1102,"FCGR3A+ Mono",2.32632249840663,"1","2","1","1","1"
"CACTGCTGGAAAGT","pbmc3k",3107,943,"Memory CD4 T",1.86675249436756,"0","0","0","0","0"
"CACTTAACCGTACA","pbmc3k",1521,674,"B",2.69559500328731,"3","4","3","3","3"
"CAGATGACATTCTC","pbmc3k",2045,1004,"NK",2.64058679706601,"2","3","2","2","2"
"CAGCAATGTCTACT","pbmc3k",2372,817,"CD14+ Mono",2.65598650927487,"1","5","5","5","5"
"CAGCGGACCTTTAC","pbmc3k",2125,870,"NK",2.58823529411765,"2","3","2","2","2"
"CAGCGTCTAAAGCA","pbmc3k",2928,886,"Memory CD4 T",2.59562841530055,"0","0","0","0","0"
"CAGCTAGATGTGAC","pbmc3k",1260,557,"CD14+ Mono",4.20634920634921,"1","5","5","5","5"
"CAGGCCGAACACCA","pbmc3k",2693,972,"Naive CD4 T",2.11659858893427,"0","0","0","0","0"
"CAGGCCGAATCTCT","pbmc3k",2443,837,"FCGR3A+ Mono",1.26893164142448,"1","2","1","1","1"
"CAGGCCGACTAGCA","pbmc3k",2344,863,"B",2.43174061433447,"3","4","3","3","3"
"CAGGGCACCATACG","pbmc3k",1317,545,"B",2.80941533788914,"3","4","3","3","3"
"CAGGTAACAGACTC","pbmc3k",2471,885,"CD14+ Mono",2.10441116956698,"1","2","1","1","1"
"CAGGTTGAGGATCT","pbmc3k",8011,1996,"B",2.69629259767819,"3","4","3","3","3"
"CAGTGATGGCTAAC","pbmc3k",1549,763,"CD8 T",3.03421562298257,"0","1","4","4","4"
"CAGTGTGATGTCAG","pbmc3k",2049,623,"Naive CD4 T",1.46412884333821,"0","0","0","0","0"
"CAGTTACTAAGGTA","pbmc3k",2855,992,"B",2.80210157618214,"3","4","3","3","3"
"CAGTTTACACACGT","pbmc3k",5343,1868,"NK",1.31012539771664,"2","3","2","2","2"
"CATACTTGGGTTAC","pbmc3k",7167,1934,"FCGR3A+ Mono",2.35802985907632,"1","2","1","1","1"
"CATATAGACTAAGC","pbmc3k",2925,1028,"DC",1.64102564102564,"4","6","6","6","6"
"CATCAGGACTTCCG","pbmc3k",1527,770,"NK",2.55402750491159,"2","3","2","2","2"
"CATCAGGATAGCCA","pbmc3k",1500,737,"NK",1.86666666666667,"2","3","2","2","2"
"CATCAGGATCCTAT","pbmc3k",5281,1582,"FCGR3A+ Mono",2.42378337436092,"1","2","1","1","1"
"CATGAGACACGGGA","pbmc3k",747,394,"B",3.7483266398929,"3","4","3","3","3"
"CATGAGACGTTGAC","pbmc3k",1758,841,"NK",3.46985210466439,"2","3","2","2","2"
"CATGCCACTGCCAA","pbmc3k",2396,941,"Memory CD4 T",2.54590984974958,"0","0","0","0","0"
"CATGCGCTAGTCAC","pbmc3k",5344,1659,"FCGR3A+ Mono",2.39520958083832,"1","2","1","1","1"
"CATGCGCTTTGCAG","pbmc3k",4790,1515,"FCGR3A+ Mono",1.79540709812109,"1","2","1","1","1"
"CATGTACTATCGTG","pbmc3k",1617,738,"CD8 T",1.97897340754484,"0","1","4","4","4"
"CATTACACACGGAG","pbmc3k",1480,578,"B",3.98648648648649,"3","4","3","3","3"
"CATTACACCAACTG","pbmc3k",2357,1019,"NK",3.47899872719559,"2","3","2","2","2"
"CATTGACTAGCGGA","pbmc3k",1913,755,"CD14+ Mono",2.82279142707789,"1","5","5","5","5"
"CATTGTACTTTGCT","pbmc3k",4198,1267,"FCGR3A+ Mono",2.97760838494521,"1","2","1","1","1"
"CATTTGTGCATTGG","pbmc3k",2634,914,"Naive CD4 T",2.31586940015186,"0","0","0","0","0"
"CCAATTTGAACGTC","pbmc3k",2671,932,"CD14+ Mono",1.04829651815799,"1","5","5","5","5"
"CCACCATGATCGGT","pbmc3k",2494,732,"Naive CD4 T",1.48356054530874,"0","0","0","0","0"
"CCACCATGGACGAG","pbmc3k",4779,1558,"FCGR3A+ Mono",2.74115923833438,"1","2","1","1","1"
"CCAGAAACGGTCTA","pbmc3k",2790,816,"Naive CD4 T",1.18279569892473,"0","0","0","0","0"
"CCAGCACTGCGATT","pbmc3k",4088,1320,"FCGR3A+ Mono",2.42172211350294,"1","2","1","1","1"
"CCAGCTACACAGTC","pbmc3k",1758,689,"Naive CD4 T",1.59271899886234,"0","0","0","0","0"
"CCAGTCACACTGTG","pbmc3k",1761,752,"B",1.3060760931289,"3","4","3","3","3"
"CCATCGTGCTAGAC","pbmc3k",2559,901,"FCGR3A+ Mono",2.18835482610395,"1","2","1","1","1"
"CCCAACACGCATCA","pbmc3k",2200,797,"Naive CD4 T",1.40909090909091,"0","0","0","0","0"
"CCCAGACTGCCTTC","pbmc3k",4754,1378,"CD14+ Mono",1.95624737063525,"1","5","5","5","5"
"CCCAGACTTTCGCC","pbmc3k",4410,1320,"FCGR3A+ Mono",2.60770975056689,"1","2","1","1","1"
"CCCTCAGAGGTCAT","pbmc3k",2020,660,"Naive CD4 T",1.63366336633663,"0","0","0","0","0"
"CCCTGAACTAAAGG","pbmc3k",1530,566,"B",1.96078431372549,"3","4","3","3","3"
"CCCTGATGCAAGCT","pbmc3k",1846,727,"B",1.89599133261105,"3","4","3","3","3"
"CCGAAAACCTTGTT","pbmc3k",5144,1512,"FCGR3A+ Mono",2.56609642301711,"1","2","1","1","1"
"CCGACTACCGTGTA","pbmc3k",1455,524,"Naive CD4 T",1.92439862542955,"0","0","0","0","0"
"CCGCGAGAGGTTCA","pbmc3k",1965,772,"CD8 T",1.98473282442748,"0","1","4","4","4"
"CCGTACACAAGCAA","pbmc3k",1744,714,"Naive CD4 T",1.54816513761468,"0","0","0","0","0"
"CCGTACACAGCGTT","pbmc3k",2007,793,"B",1.2954658694569,"3","4","3","3","3"
"CCGTACACTAACGC","pbmc3k",2041,763,"CD8 T",3.91964723174914,"0","1","4","4","4"
"CCTAAGGACCCAAA","pbmc3k",2053,674,"Naive CD4 T",1.7535314174379,"0","0","0","0","0"
"CCTACCGACTCTTA","pbmc3k",1893,679,"Naive CD4 T",1.58478605388273,"0","0","0","0","0"
"CCTATAACGAGACG","pbmc3k",1505,586,"FCGR3A+ Mono",2.39202657807309,"1","2","1","1","1"
"CCTCGAACCCGTAA","pbmc3k",2060,780,"FCGR3A+ Mono",2.18446601941748,"1","2","1","1","1"
"CCTCTACTCTTCGC","pbmc3k",4464,1322,"CD14+ Mono",2.26254480286738,"1","5","5","5","5"
"CCTGACTGAAGTAG","pbmc3k",2127,791,"CD8 T",3.24400564174894,"0","1","4","4","4"
"CCTGACTGGGGAGT","pbmc3k",2542,816,"Naive CD4 T",1.37686860739575,"0","0","0","0","0"
"CCTTCACTGGAGTG","pbmc3k",1656,595,"CD14+ Mono",2.05314009661836,"1","5","5","5","5"
"CGAACATGCCCTAC","pbmc3k",2320,857,"CD14+ Mono",2.5,"1","2","1","1","1"
"CGAATCGAGGAGCA","pbmc3k",581,336,"CD14+ Mono",3.27022375215146,"1","5","5","5","5"
"CGACAAACCCATAG","pbmc3k",2870,801,"Naive CD4 T",1.60278745644599,"0","0","0","0","0"
"CGACCACTAAAGTG","pbmc3k",1933,940,"NK",2.01758923952406,"2","3","2","2","2"
"CGACCACTGCCAAT","pbmc3k",1849,942,"NK",2.97458085451595,"2","3","2","2","2"
"CGACCGGATGGAAA","pbmc3k",2696,945,"Memory CD4 T",2.37388724035608,"0","0","0","0","0"
"CGACGTCTATCGTG","pbmc3k",2042,700,"CD8 T",2.35063663075416,"0","0","0","0","0"
"CGAGAACTAAGGCG","pbmc3k",1912,727,"CD8 T",2.6673640167364,"0","1","4","4","4"
"CGAGGCACCTATGG","pbmc3k",1973,752,"CD8 T",1.87531677648251,"0","1","4","4","4"
"CGAGGCTGACGCTA","pbmc3k",1371,668,"NK",1.96936542669584,"2","3","2","2","2"
"CGATACGAACAGTC","pbmc3k",3042,1073,"CD14+ Mono",1.80802103879027,"1","5","5","5","5"
"CGATACGATTCACT","pbmc3k",2020,728,"B",1.43564356435644,"3","4","3","3","3"
"CGATAGACCCGTAA","pbmc3k",1221,532,"CD14+ Mono",3.68550368550369,"1","5","5","5","5"
"CGATCAGAAGAACA","pbmc3k",2198,869,"CD8 T",2.18380345768881,"0","1","4","4","4"
"CGATCAGAGAGGGT","pbmc3k",2721,962,"Naive CD4 T",2.02131569276001,"0","0","0","0","0"
"CGATCAGATGTGAC","pbmc3k",6908,1974,"DC",0.984365952518819,"4","6","6","6","6"
"CGATCCACCGGGAA","pbmc3k",3230,1102,"CD8 T",2.22910216718266,"0","1","4","4","4"
"CGATCCACTTCCAT","pbmc3k",591,326,"B",2.03045685279188,"3","4","3","3","3"
"CGCACGGAGGACGA","pbmc3k",1171,554,"B",2.47651579846285,"3","4","3","3","3"
"CGCACTACTCGCCT","pbmc3k",1281,563,"B",2.02966432474629,"3","4","3","3","3"
"CGCAGGTGCACTGA","pbmc3k",2751,865,"Memory CD4 T",2.9807342784442,"0","0","0","0","0"
"CGCAGGTGCCATAG","pbmc3k",4314,1252,"FCGR3A+ Mono",2.94390356977283,"1","2","1","1","1"
"CGCCTAACTGCTCC","pbmc3k",3489,1006,"Memory CD4 T",1.57638291774147,"0","0","0","0","0"
"CGCGAGACAGGTCT","pbmc3k",3171,1033,"B",3.15357931251971,"3","4","3","3","3"
"CGCGATCTTTCTTG","pbmc3k",2394,761,"B",2.33918128654971,"3","4","3","3","3"
"CGCTACTGAGAACA","pbmc3k",2460,845,"Naive CD4 T",1.01626016260163,"0","0","0","0","0"
"CGCTACTGTTCCCG","pbmc3k",1366,670,"CD8 T",3.14787701317716,"0","1","4","4","4"
"CGCTCATGCATTTC","pbmc3k",1468,628,"CD14+ Mono",2.24795640326975,"1","5","5","5","5"
"CGGAATTGTGGAGG","pbmc3k",1544,660,"Memory CD4 T",0.712435233160622,"0","0","0","0","0"
"CGGACTCTAAACAG","pbmc3k",1658,599,"B",1.99034981905911,"3","4","3","3","3"
"CGGACTCTCCAATG","pbmc3k",1999,808,"Memory CD4 T",2.20110055027514,"0","0","0","0","0"
"CGGACTCTCCTCGT","pbmc3k",1873,854,"CD8 T",1.81526962092899,"2","3","2","2","2"
"CGGAGGCTATTCCT","pbmc3k",848,397,"Naive CD4 T",4.83490566037736,"0","0","0","0","0"
"CGGAGGCTTGGATC","pbmc3k",2834,784,"Naive CD4 T",1.19971771347918,"0","0","0","0","0"
"CGGATAACTCAGTG","pbmc3k",959,449,"CD14+ Mono",2.39833159541189,"1","5","5","5","5"
"CGGCACGAACTCAG","pbmc3k",2270,889,"CD8 T",3.65638766519824,"0","1","4","4","4"
"CGGCACGACTACGA","pbmc3k",2837,1049,"FCGR3A+ Mono",3.48960169192809,"1","2","1","1","1"
"CGGCATCTTAGAAG","pbmc3k",1982,823,"CD8 T",2.32088799192735,"0","0","0","0","0"
"CGGCATCTTCGTAG","pbmc3k",3310,1053,"CD14+ Mono",1.99395770392749,"1","5","5","5","5"
"CGGCCAGAGAGGCA","pbmc3k",2408,997,"CD8 T",2.32558139534884,"0","1","4","4","4"
"CGGCGAACGACAAA","pbmc3k",1587,788,"NK",0.882167611846251,"2","3","2","2","2"
"CGGCGAACTACTTC","pbmc3k",1729,778,"NK",2.02429149797571,"2","3","2","2","2"
"CGGGACTGGAATAG","pbmc3k",2012,814,"CD8 T",3.37972166998012,"0","1","4","4","4"
"CGGGCATGACCCAA","pbmc3k",1030,463,"CD8 T",4.66019417475728,"0","1","4","4","4"
"CGGGCATGTCTCTA","pbmc3k",2864,1078,"NK",2.06005586592179,"2","3","2","2","2"
"CGTACCTGGCATCA","pbmc3k",2472,996,"NK",2.50809061488673,"2","3","2","2","2"
"CGTCAAGAAAGGTA","pbmc3k",1111,505,"CD14+ Mono",2.43024302430243,"1","5","5","5","5"
"CGTCCATGCTCTTA","pbmc3k",2746,892,"Naive CD4 T",1.31099781500364,"0","0","0","0","0"
"CGTCGACTTTCCGC","pbmc3k",2188,903,"CD8 T",1.64533820840951,"0","1","4","4","4"
"CGTGTAGAAAAACG","pbmc3k",2027,794,"Memory CD4 T",2.17069560927479,"0","0","0","0","0"
"CGTGTAGACGATAC","pbmc3k",1650,783,"NK",1.45454545454545,"2","3","2","2","2"
"CGTGTAGAGTTACG","pbmc3k",2074,950,"NK",1.78399228543877,"2","3","2","2","2"
"CGTTATACCCTGAA","pbmc3k",2386,1002,"CD8 T",3.26906957250629,"0","1","4","4","4"
"CTAAGGACACCATG","pbmc3k",2134,805,"Naive CD4 T",2.67104029990628,"0","0","0","0","0"
"CTAATAGAGCTATG","pbmc3k",600,239,"Naive CD4 T",0.166666666666667,"0","0","0","0","0"
"CTACAACTCCCGTT","pbmc3k",2194,895,"CD8 T",2.0510483135825,"0","1","4","4","4"
"CTACGCACACCTAG","pbmc3k",3710,1136,"FCGR3A+ Mono",2.50673854447439,"1","2","1","1","1"
"CTACGGCTTTCTTG","pbmc3k",3911,1357,"CD14+ Mono",1.66197903349527,"1","5","5","5","5"
"CTACTATGATGTGC","pbmc3k",1662,649,"CD14+ Mono",2.34657039711191,"1","5","5","5","5"
"CTACTATGCTAAGC","pbmc3k",2704,851,"Memory CD4 T",2.40384615384615,"0","0","0","0","0"
"CTACTCCTATGTCG","pbmc3k",2181,1052,"NK",1.83402109124255,"2","3","2","2","2"
"CTACTCCTGCCATA","pbmc3k",586,307,"CD14+ Mono",3.7542662116041,"1","5","5","5","5"
"CTAGAGACTTTGGG","pbmc3k",5515,1621,"FCGR3A+ Mono",3.35448776065277,"1","2","1","1","1"
"CTAGATCTCTCTAT","pbmc3k",1822,731,"Memory CD4 T",1.81119648737651,"0","0","0","0","0"
"CTAGGTGATGGTTG","pbmc3k",3254,1195,"FCGR3A+ Mono",1.9360786724032,"1","2","1","1","1"
"CTAGTTACCAGAGG","pbmc3k",2740,850,"Naive CD4 T",1.93430656934307,"0","0","0","0","0"
"CTAGTTACCGCATA","pbmc3k",2357,861,"Memory CD4 T",2.20619431480696,"0","0","0","0","0"
"CTAGTTACGAAACA","pbmc3k",2245,966,"NK",2.271714922049,"2","3","2","2","2"
"CTATACTGAGGTTC","pbmc3k",732,331,"CD14+ Mono",0.409836065573771,"1","5","5","5","5"
"CTATACTGTCTCAT","pbmc3k",1774,842,"NK",4.00225479143179,"2","3","2","2","2"
"CTATCCCTCCACCT","pbmc3k",2172,822,"CD14+ Mono",2.20994475138122,"1","5","5","5","5"
"CTATGTTGTCTCGC","pbmc3k",3493,1051,"Memory CD4 T",2.43343830518179,"0","0","0","0","0"
"CTATTGACACTGGT","pbmc3k",2939,1027,"CD14+ Mono",2.21163661109221,"1","2","1","1","1"
"CTCAATTGGTTCAG","pbmc3k",3235,956,"Memory CD4 T",1.36012364760433,"0","0","0","0","0"
"CTCAGGCTCGTTGA","pbmc3k",4502,1463,"FCGR3A+ Mono",2.46557085739671,"1","2","1","1","1"
"CTCATTGACCTTAT","pbmc3k",3103,1112,"Memory CD4 T",0.676764421527554,"0","0","0","0","0"
"CTCCACGAGAGATA","pbmc3k",4633,1445,"DC",2.0289229440967,"4","6","6","6","6"
"CTCCGAACAAGTGA","pbmc3k",2439,992,"FCGR3A+ Mono",2.2550225502255,"1","2","1","1","1"
"CTCGACTGGTTGAC","pbmc3k",1810,875,"NK",2.26519337016575,"2","3","2","2","2"
"CTCGAGCTCTGGAT","pbmc3k",1157,588,"CD8 T",0.950734658599827,"0","1","4","4","4"
"CTCGCATGACTTTC","pbmc3k",1839,740,"CD8 T",4.2958129418162,"0","1","4","4","4"
"CTGAAGTGAAGCCT","pbmc3k",4070,1434,"FCGR3A+ Mono",2.997542997543,"1","2","1","1","1"
"CTGAGAACCGGGAA","pbmc3k",3915,1076,"Memory CD4 T",2.06896551724138,"0","0","0","0","0"
"CTGCAGCTAACCGT","pbmc3k",2674,771,"Naive CD4 T",3.40314136125654,"0","0","0","0","0"
"CTGCAGCTGGATTC","pbmc3k",4043,1386,"FCGR3A+ Mono",1.55824882512985,"1","2","1","1","1"
"CTGCGACTCCACCT","pbmc3k",687,348,"Naive CD4 T",3.49344978165939,"0","0","0","0","0"
"CTGGAAACAAACGA","pbmc3k",2367,868,"CD8 T",2.87283481199831,"0","1","4","4","4"
"CTGGATGATGTGAC","pbmc3k",868,417,"B",1.61290322580645,"3","4","3","3","3"
"CTGTATACGTAAAG","pbmc3k",979,436,"Naive CD4 T",2.04290091930541,"0","0","0","0","0"
"CTGTGAGACAACCA","pbmc3k",4058,1298,"FCGR3A+ Mono",2.29176934450468,"1","2","1","1","1"
"CTTAACACTATCGG","pbmc3k",1748,627,"B",2.2883295194508,"3","4","3","3","3"
"CTTAAGCTAGTACC","pbmc3k",920,423,"Naive CD4 T",1.73913043478261,"0","0","0","0","0"
"CTTAAGCTCCGCTT","pbmc3k",2372,851,"B",2.99325463743676,"3","4","3","3","3"
"CTTACAACTCCCGT","pbmc3k",1504,607,"CD14+ Mono",1.1968085106383,"1","5","5","5","5"
"CTTCACCTACCTGA","pbmc3k",4888,1528,"FCGR3A+ Mono",2.3936170212766,"1","2","1","1","1"
"CTTGATTGATCTTC","pbmc3k",2094,761,"CD14+ Mono",2.53104106972302,"1","5","5","5","5"
"CTTGTATGACACCA","pbmc3k",2020,784,"B",1.28712871287129,"3","4","3","3","3"
"CTTTACGAGCGAAG","pbmc3k",1483,573,"Naive CD4 T",4.04585300067431,"0","0","0","0","0"
"CTTTAGACTCATTC","pbmc3k",2510,855,"CD8 T",3.22709163346614,"0","1","4","4","4"
"CTTTAGTGACGGGA","pbmc3k",2214,978,"NK",2.03252032520325,"2","3","2","2","2"
"GAAACCTGATGCCA","pbmc3k",2390,841,"Memory CD4 T",2.21757322175732,"0","0","0","0","0"
"GAAACCTGCTTATC","pbmc3k",3634,1080,"Naive CD4 T",1.01816180517336,"0","0","0","0","0"
"GAAACCTGGACTAC","pbmc3k",5326,1690,"FCGR3A+ Mono",2.59106271122794,"1","2","1","1","1"
"GAAAGATGCTGATG","pbmc3k",4688,1464,"FCGR3A+ Mono",2.32508532423208,"1","2","1","1","1"
"GAAAGTGAAAGTGA","pbmc3k",6175,1571,"DC",2.59109311740891,"4","6","6","6","6"
"GAACACACTGCCTC","pbmc3k",2166,674,"Naive CD4 T",4.06278855032318,"0","0","0","0","0"
"GAACAGCTAACTGC","pbmc3k",5489,1631,"FCGR3A+ Mono",2.33193660047367,"1","2","1","1","1"
"GAACAGCTCTCAGA","pbmc3k",4199,1273,"FCGR3A+ Mono",2.95308406763515,"1","2","1","1","1"
"GAACCAACTTCCGC","pbmc3k",1607,796,"NK",2.05351586807716,"2","3","2","2","2"
"GAACCTGAGAGACG","pbmc3k",2490,878,"Memory CD4 T",0.803212851405622,"0","0","0","0","0"
"GAACTGTGACCTGA","pbmc3k",4023,1361,"FCGR3A+ Mono",2.01342281879195,"1","2","1","1","1"
"GAAGCTACGGTTTG","pbmc3k",1763,837,"Memory CD4 T",1.81508791832104,"0","0","0","0","0"
"GAAGGTCTTAAAGG","pbmc3k",5637,1627,"DC",1.68529359588434,"4","6","6","6","6"
"GAAGTAGATCCAAG","pbmc3k",4035,1408,"FCGR3A+ Mono",2.65179677819083,"1","2","1","1","1"
"GAAGTGCTAAACGA","pbmc3k",1804,815,"NK",2.93791574279379,"2","3","2","2","2"
"GAATTAACGTCGTA","pbmc3k",1319,705,"NK",1.51630022744503,"2","3","2","2","2"
"GACAGGGAAGAGTA","pbmc3k",1573,661,"B",2.86077558804832,"3","4","3","3","3"
"GACATTCTCCACCT","pbmc3k",6191,1749,"DC",2.50363430786626,"4","6","6","6","6"
"GACCAAACGTATCG","pbmc3k",2228,910,"CD14+ Mono",2.96229802513465,"1","5","5","5","5"
"GACCCTACTAAAGG","pbmc3k",1493,714,"B",1.4735432016075,"3","4","3","3","3"
"GACGCTCTCTCTCG","pbmc3k",682,266,"Platelet",3.2258064516129,"0","1","7","7","7"
"GACGGCACGAGATA","pbmc3k",3152,1130,"CD14+ Mono",2.22081218274112,"1","5","5","5","5"
"GACGTATGTTTGCT","pbmc3k",2409,839,"Naive CD4 T",1.12079701120797,"0","0","0","0","0"
"GACGTCCTCTCAAG","pbmc3k",2411,902,"CD14+ Mono",2.65450020738283,"1","5","5","5","5"
"GAGATCACGACAAA","pbmc3k",3174,1131,"FCGR3A+ Mono",2.01638311279143,"1","2","1","1","1"
"GAGATGCTGAATGA","pbmc3k",1802,809,"Memory CD4 T",1.77580466148724,"0","0","0","0","0"
"GAGCAGGATTCCCG","pbmc3k",1896,823,"CD8 T",1.74050632911392,"0","1","4","4","4"
"GAGCGCTGAAGATG","pbmc3k",1630,782,"NK",2.88343558282209,"2","3","2","2","2"
"GAGGCAGACTTGCC","pbmc3k",2237,923,"CD8 T",1.20697362539115,"0","1","4","4","4"
"GAGGTACTGACACT","pbmc3k",1922,857,"NK",1.35275754422477,"2","3","2","2","2"
"GAGGTTTGTAAGCC","pbmc3k",684,341,"CD14+ Mono",3.3625730994152,"1","5","5","5","5"
"GAGTGACTGTCTAG","pbmc3k",2146,816,"Naive CD4 T",1.95712954333644,"0","0","0","0","0"
"GAGTGGGAGTCTTT","pbmc3k",1580,640,"B",2.53164556962025,"3","4","3","3","3"
"GAGTTGTGCTGAGT","pbmc3k",2000,849,"CD8 T",2.3,"0","1","4","4","4"
"GAGTTGTGGCGAGA","pbmc3k",1224,498,"CD14+ Mono",1.22549019607843,"1","5","5","5","5"
"GAGTTGTGGTAGCT","pbmc3k",2405,849,"Platelet",0.914760914760915,"0","1","7","7","7"
"GATAAGGATTCACT","pbmc3k",2517,875,"CD14+ Mono",2.78108859753675,"1","5","5","5","5"
"GATACTCTTGACTG","pbmc3k",2142,752,"CD14+ Mono",2.61437908496732,"1","5","5","5","5"
"GATAGCACTTGTCT","pbmc3k",2941,954,"Naive CD4 T",2.04012240734444,"0","0","0","0","0"
"GATATATGTCCGTC","pbmc3k",1819,743,"CD8 T",1.48433205057724,"0","1","4","4","4"
"GATATTGACGAGTT","pbmc3k",4409,1446,"FCGR3A+ Mono",1.36085280108868,"1","2","1","1","1"
"GATCCCTGACCTTT","pbmc3k",2213,1050,"NK",1.08450067781292,"2","3","2","2","2"
"GATCGATGACTAGC","pbmc3k",1136,554,"B",0.880281690140845,"3","4","3","3","3"
"GATCTTACACCCAA","pbmc3k",3608,1323,"FCGR3A+ Mono",2.57760532150776,"1","2","1","1","1"
"GATCTTACCCTACC","pbmc3k",2802,920,"Memory CD4 T",2.42683797287652,"0","0","0","0","0"
"GATCTTACGAGATA","pbmc3k",2197,790,"CD14+ Mono",2.6854802002731,"1","5","5","5","5"
"GATGCCCTGGCAAG","pbmc3k",2299,806,"CD14+ Mono",1.00043497172684,"1","5","5","5","5"
"GATTCGGAGAAGGC","pbmc3k",3633,1181,"FCGR3A+ Mono",2.36718965042664,"1","2","1","1","1"
"GATTTAGACTAAGC","pbmc3k",2964,1193,"B",1.38326585695007,"3","4","3","3","3"
"GATTTGCTAACGGG","pbmc3k",691,370,"CD14+ Mono",1.15774240231548,"1","5","5","5","5"
"GCAACCCTCCTCGT","pbmc3k",744,359,"CD14+ Mono",1.61290322580645,"1","5","5","5","5"
"GCAAGACTACTGGT","pbmc3k",2894,1165,"Memory CD4 T",0.621976503109883,"0","0","0","0","0"
"GCAATCGAGACGTT","pbmc3k",3898,1283,"CD14+ Mono",3.05284761416111,"1","2","1","1","1"
"GCAATTCTTCTCCG","pbmc3k",3261,983,"Memory CD4 T",1.80926096289482,"0","0","0","0","0"
"GCACAAACGGTACT","pbmc3k",2829,939,"Memory CD4 T",1.13114174620007,"0","0","0","0","0"
"GCACACCTGTGCTA","pbmc3k",1374,695,"NK",2.18340611353712,"2","3","2","2","2"
"GCACCACTTCCTTA","pbmc3k",1945,969,"NK",2.9305912596401,"2","3","2","2","2"
"GCACCTACGCGATT","pbmc3k",4271,1236,"Memory CD4 T",1.10044486068836,"0","0","0","0","0"
"GCACGGACCAGCTA","pbmc3k",3169,972,"Memory CD4 T",1.64089618176081,"0","0","0","0","0"
"GCACTAGAACGGGA","pbmc3k",2491,919,"Memory CD4 T",2.52910477719791,"0","0","0","0","0"
"GCACTAGACCTTTA","pbmc3k",3626,1176,"FCGR3A+ Mono",2.39933811362383,"1","2","1","1","1"
"GCACTAGAGTCGTA","pbmc3k",2419,977,"NK",2.35634559735428,"2","3","2","2","2"
"GCAGGGCTAAGAAC","pbmc3k",2968,767,"Naive CD4 T",1.95417789757412,"0","0","0","0","0"
"GCAGGGCTTGGGAG","pbmc3k",2194,939,"CD8 T",4.92251595259799,"0","1","4","4","4"
"GCCAAAACGAGGCA","pbmc3k",2087,850,"CD8 T",4.45615716339243,"0","1","4","4","4"
"GCCACGGATACTGG","pbmc3k",2407,749,"Naive CD4 T",2.11882010801828,"0","0","0","0","0"
"GCCGGAACGTTCTT","pbmc3k",1581,809,"NK",2.65654648956357,"2","3","2","2","2"
"GCCGGAACTTACTC","pbmc3k",2019,782,"Memory CD4 T",1.08964834076275,"0","0","0","0","0"
"GCCTACACCACTGA","pbmc3k",2617,906,"FCGR3A+ Mono",2.10164310278945,"1","2","1","1","1"
"GCGCATCTAGGTCT","pbmc3k",1395,550,"Naive CD4 T",1.36200716845878,"0","0","0","0","0"
"GCGCATCTGGTTAC","pbmc3k",2513,979,"Platelet",2.86510147234381,"0","1","7","7","7"
"GCGCATCTTGCTCC","pbmc3k",1995,835,"NK",2.10526315789474,"2","3","2","2","2"
"GCGCATCTTTCTAC","pbmc3k",2507,776,"Naive CD4 T",1.75508575987236,"0","0","0","0","0"
"GCGCGAACGTTCTT","pbmc3k",1659,637,"B",1.38637733574442,"3","4","3","3","3"
"GCGCGATGGTGCAT","pbmc3k",3225,1410,"NK",3.28682170542636,"2","3","2","2","2"
"GCGGCAACCCGATA","pbmc3k",2371,778,"Naive CD4 T",1.05440742302826,"0","0","0","0","0"
"GCGTAAACACGGTT","pbmc3k",5924,1625,"DC",2.14382174206617,"4","6","6","6","6"
"GCGTAATGCACCAA","pbmc3k",3965,1375,"FCGR3A+ Mono",2.74905422446406,"1","2","1","1","1"
"GCTACAGAATCTTC","pbmc3k",648,337,"B",1.85185185185185,"3","4","3","3","3"
"GCTACGCTAGAATG","pbmc3k",2978,964,"Naive CD4 T",4.1974479516454,"0","0","0","0","0"
"GCTAGATGGCGATT","pbmc3k",2014,777,"CD8 T",2.83018867924528,"0","1","4","4","4"
"GCTATACTAAGGCG","pbmc3k",3086,998,"Naive CD4 T",1.49060272197019,"0","0","0","0","0"
"GCTCAAGAACCATG","pbmc3k",5552,1674,"FCGR3A+ Mono",1.80115273775216,"1","2","1","1","1"
"GCTTAACTACTGGT","pbmc3k",1796,778,"CD8 T",2.17149220489978,"0","1","4","4","4"
"GCTTAACTGCTGAT","pbmc3k",2605,836,"Naive CD4 T",0.499040307101727,"0","0","0","0","0"
"GCTTAACTTCAGTG","pbmc3k",2709,844,"Naive CD4 T",1.62421557770395,"0","0","0","0","0"
"GGAACACTTCAGAC","pbmc3k",623,278,"Platelet",2.8892455858748,"0","1","7","7","7"
"GGAACTTGAAGGTA","pbmc3k",3452,1158,"CD14+ Mono",2.49130938586327,"1","5","5","5","5"
"GGAACTTGGGTAGG","pbmc3k",1740,585,"B",4.36781609195402,"3","4","3","3","3"
"GGAAGGACGAGGGT","pbmc3k",2879,877,"Memory CD4 T",3.36922542549496,"0","0","0","0","0"
"GGAAGGACGCGAAG","pbmc3k",2168,857,"Memory CD4 T",1.98339483394834,"0","1","4","4","4"
"GGAAGGTGGCGAGA","pbmc3k",1630,839,"NK",2.33128834355828,"2","3","2","2","2"
"GGAATCTGCTTAGG","pbmc3k",1512,594,"B",2.31481481481481,"3","4","3","3","3"
"GGAATCTGCTTGTT","pbmc3k",3348,1179,"CD14+ Mono",4.86857825567503,"1","5","5","5","5"
"GGAATGCTTTCTAC","pbmc3k",2252,708,"Naive CD4 T",1.50976909413854,"0","0","0","0","0"
"GGACAGGAAAGGGC","pbmc3k",2172,817,"CD8 T",3.82136279926335,"0","1","4","4","4"
"GGACCCGAAGCTAC","pbmc3k",3320,1194,"CD14+ Mono",1.62650602409639,"1","5","5","5","5"
"GGACCGTGGGAACG","pbmc3k",4455,1425,"DC",2.80583613916947,"4","6","6","6","6"
"GGACCTCTTTTCTG","pbmc3k",2023,851,"CD8 T",3.06475531389026,"0","1","4","4","4"
"GGACGCTGTCCTCG","pbmc3k",1529,780,"NK",1.3734466971877,"2","3","2","2","2"
"GGAGAGACGTGAGG","pbmc3k",2676,931,"B",1.60687593423019,"0","0","0","0","0"
"GGAGGATGTCAGTG","pbmc3k",2009,765,"CD14+ Mono",2.33947237431558,"1","5","5","5","5"
"GGATACTGCAGCTA","pbmc3k",2650,852,"Memory CD4 T",1.73584905660377,"0","0","0","0","0"
"GGATAGCTCTGAAC","pbmc3k",2051,817,"CD8 T",3.12042905899561,"0","1","4","4","4"
"GGATTTCTTTGTCT","pbmc3k",3343,1160,"CD14+ Mono",1.94436135207897,"1","5","5","5","5"
"GGCAAGGAGGACTT","pbmc3k",2909,913,"Naive CD4 T",1.58129941560674,"0","0","0","0","0"
"GGCAATACGTTTCT","pbmc3k",2075,795,"B",2.21686746987952,"3","4","3","3","3"
"GGCATATGCTTATC","pbmc3k",1939,897,"NK",1.49561629706034,"2","3","2","2","2"
"GGCATATGGGGAGT","pbmc3k",575,212,"Platelet",1.21739130434783,"0","1","7","7","7"
"GGCCCAGAAAGTAG","pbmc3k",2684,935,"CD14+ Mono",1.08047690014903,"1","5","5","5","5"
"GGCCGAACGCAGAG","pbmc3k",837,380,"Naive CD4 T",3.584229390681,"0","0","0","0","0"
"GGCCGAACTCTAGG","pbmc3k",1494,739,"NK",0.602409638554217,"2","3","2","2","2"
"GGCCGATGCAGGAG","pbmc3k",2877,930,"Memory CD4 T",1.42509558567953,"0","0","0","0","0"
"GGCCGATGTACTCT","pbmc3k",2606,771,"CD8 T",2.41749808135073,"0","0","0","0","0"
"GGCGCATGCCTAAG","pbmc3k",2095,797,"FCGR3A+ Mono",2.05250596658711,"1","2","1","1","1"
"GGCGCATGTGGAAA","pbmc3k",1200,470,"Naive CD4 T",0.666666666666667,"0","0","0","0","0"
"GGCGGACTTGAACC","pbmc3k",2110,771,"Memory CD4 T",1.61137440758294,"0","0","0","0","0"
"GGCTAAACACCTGA","pbmc3k",2433,975,"NK",0.534319769831484,"2","3","2","2","2"
"GGGAACGAAGCTCA","pbmc3k",4319,1554,"FCGR3A+ Mono",2.50057883769391,"1","2","1","1","1"
"GGGAACGACACAAC","pbmc3k",1711,691,"B",1.87025131502046,"3","4","3","3","3"
"GGGCCAACCTTGGA","pbmc3k",8415,2013,"DC",1.05763517528223,"4","6","6","6","6"
"GGGCCATGATGGTC","pbmc3k",2480,851,"CD8 T",3.34677419354839,"0","0","0","0","0"
"GGGTTAACGTGCAT","pbmc3k",1812,908,"NK",1.65562913907285,"2","3","2","2","2"
"GGTACAACTGCAAC","pbmc3k",2654,909,"Memory CD4 T",0.678221552373775,"0","0","0","0","0"
"GGTACATGAGCTCA","pbmc3k",1751,800,"Memory CD4 T",0.913763563677898,"0","1","4","4","4"
"GGTACATGCGGTAT","pbmc3k",1373,539,"Naive CD4 T",1.74799708667152,"0","0","0","0","0"
"GGTACATGTGGGAG","pbmc3k",2747,941,"Memory CD4 T",2.32981434291955,"0","0","0","0","0"
"GGTAGTACCCTGTC","pbmc3k",2091,733,"Naive CD4 T",1.96078431372549,"0","0","0","0","0"
"GGTAGTACTGTCTT","pbmc3k",2747,991,"Memory CD4 T",1.23771386967601,"0","0","0","0","0"
"GGTATCGAGACAAA","pbmc3k",809,379,"CD14+ Mono",1.85414091470952,"1","5","5","5","5"
"GGTGATACCGACTA","pbmc3k",1694,728,"B",2.47933884297521,"3","4","3","3","3"
"GGTGGAGAAACGGG","pbmc3k",1394,693,"NK",1.72166427546628,"2","3","2","2","2"
"GGTGGAGACAGATC","pbmc3k",1440,809,"CD8 T",2.01388888888889,"2","3","2","2","2"
"GGTGGAGATCGATG","pbmc3k",2296,827,"Memory CD4 T",2.09059233449477,"0","0","0","0","0"
"GGTGGAGATCTCTA","pbmc3k",1832,647,"CD14+ Mono",2.45633187772926,"1","5","5","5","5"
"GGTGGAGATTACTC","pbmc3k",2452,880,"CD8 T",1.01957585644372,"0","1","4","4","4"
"GTAACGTGACCTCC","pbmc3k",4521,1321,"CD14+ Mono",1.79163901791639,"1","5","5","5","5"
"GTAAGCACTCATTC","pbmc3k",1137,519,"B",2.11081794195251,"3","4","3","3","3"
"GTAAGCTGGTACCA","pbmc3k",1449,670,"CD14+ Mono",2.89855072463768,"1","5","5","5","5"
"GTAATAACCTTCTA","pbmc3k",2207,795,"CD14+ Mono",3.57951971001359,"1","5","5","5","5"
"GTACCCTGACAGTC","pbmc3k",5049,1548,"FCGR3A+ Mono",1.60427807486631,"1","2","1","1","1"
"GTACCCTGTGAACC","pbmc3k",2510,787,"Naive CD4 T",2.47011952191235,"0","0","0","0","0"
"GTACTTTGTCGACA","pbmc3k",2420,856,"CD8 T",2.60330578512397,"0","1","4","4","4"
"GTAGACTGAGATGA","pbmc3k",2139,825,"CD14+ Mono",2.80504908835905,"1","5","5","5","5"
"GTAGCAACAGTCGT","pbmc3k",2231,830,"CD14+ Mono",1.97220977140296,"1","5","5","5","5"
"GTAGCTGAAGCTAC","pbmc3k",5102,1526,"FCGR3A+ Mono",2.72442179537436,"1","2","1","1","1"
"GTAGTGACCTCATT","pbmc3k",2327,743,"Naive CD4 T",1.76192522561238,"0","0","0","0","0"
"GTAGTGTGTGGTTG","pbmc3k",1968,623,"Naive CD4 T",0.863821138211382,"0","0","0","0","0"
"GTATCTACGACGAG","pbmc3k",1938,800,"CD8 T",1.70278637770898,"0","1","4","4","4"
"GTATCTACGTTACG","pbmc3k",2807,1013,"Memory CD4 T",3.02814392589954,"0","0","0","0","0"
"GTCAACGACACTGA","pbmc3k",3628,1175,"Memory CD4 T",1.79162072767365,"0","0","0","0","0"
"GTCAATCTACACCA","pbmc3k",2272,882,"CD8 T",2.42077464788732,"0","1","4","4","4"
"GTCATACTTCGCCT","pbmc3k",979,359,"Platelet",2.96220633299285,"0","1","7","7","7"
"GTCGACCTGAATGA","pbmc3k",1550,812,"NK",2.06451612903226,"2","3","2","2","2"
"GTCGACCTGTTCAG","pbmc3k",1832,568,"Naive CD4 T",1.96506550218341,"0","0","0","0","0"
"GTCTAACTGGTCTA","pbmc3k",3369,1058,"FCGR3A+ Mono",2.87919263876521,"1","2","1","1","1"
"GTCTAGGAGCTTCC","pbmc3k",3650,1211,"CD14+ Mono",2.10958904109589,"1","5","5","5","5"
"GTGATGACAAGTGA","pbmc3k",6329,1815,"Memory CD4 T",2.11723811028599,"0","0","0","0","0"
"GTGATGACCTGAGT","pbmc3k",1095,502,"B",2.00913242009132,"3","4","3","3","3"
"GTGATGACGGTTTG","pbmc3k",2084,801,"CD8 T",2.44721689059501,"0","1","4","4","4"
"GTGATTCTGGTTCA","pbmc3k",1653,810,"NK",1.69388989715668,"2","3","2","2","2"
"GTGATTCTTAGCGT","pbmc3k",1343,493,"B",2.45718540580789,"3","4","3","3","3"
"GTGGATTGCACTAG","pbmc3k",4560,1466,"FCGR3A+ Mono",3.22368421052632,"1","2","1","1","1"
"GTGTATCTAGTAGA","pbmc3k",4442,1426,"NK",2.04862674470959,"0","1","4","4","4"
"GTTAACCTAGCTAC","pbmc3k",2447,826,"Memory CD4 T",2.69718022067838,"0","0","0","0","0"
"GTTAACCTTGCTTT","pbmc3k",6097,1643,"DC",1.62374938494341,"4","6","6","6","6"
"GTTCAACTTATGCG","pbmc3k",2656,861,"Naive CD4 T",2.22138554216867,"0","0","0","0","0"
"GTTGACGAGCCCTT","pbmc3k",1898,837,"CD8 T",0.948366701791359,"0","1","4","4","4"
"GTTGACGATATCGG","pbmc3k",2262,1100,"NK",1.94518125552608,"2","3","2","2","2"
"GTTTAAGACTGTCC","pbmc3k",1584,710,"CD8 T",2.20959595959596,"0","1","4","4","4"
"TAAACAACCAACCA","pbmc3k",3425,1070,"Memory CD4 T",1.86861313868613,"0","0","0","0","0"
"TAAACAACGAATCC","pbmc3k",2815,911,"B",1.06571936056838,"3","4","3","3","3"
"TAAATCGATGAGGG","pbmc3k",2035,758,"Naive CD4 T",1.91646191646192,"0","0","0","0","0"
"TAACACCTTGTTTC","pbmc3k",999,394,"Platelet",1.1011011011011,"0","1","7","7","7"
"TAACATGACACTAG","pbmc3k",3388,1121,"B",1.94805194805195,"3","4","3","3","3"
"TAACCGGACTTACT","pbmc3k",2009,616,"Naive CD4 T",1.34395221503235,"0","0","0","0","0"
"TAAGAGGACTTGTT","pbmc3k",2060,913,"NK",1.55339805825243,"2","3","2","2","2"
"TAAGATTGTTGCTT","pbmc3k",2289,863,"Memory CD4 T",1.26692878986457,"0","0","0","0","0"
"TAAGCGTGGACAAA","pbmc3k",5189,1634,"CD14+ Mono",2.06205434573135,"1","2","1","1","1"
"TAAGTAACTTGTCT","pbmc3k",2112,744,"Memory CD4 T",2.93560606060606,"0","1","4","4","4"
"TAATGCCTCGTCTC","pbmc3k",4211,1667,"NK",1.97102825932083,"2","3","2","2","2"
"TACAATGATGCTAG","pbmc3k",2466,831,"CD8 T",3.28467153284672,"0","1","4","4","4"
"TACATCACGCTAAC","pbmc3k",1792,652,"B",1.78571428571429,"3","4","3","3","3"
"TACATCACTGAACC","pbmc3k",4600,1507,"FCGR3A+ Mono",1.28260869565217,"1","2","1","1","1"
"TACGCCACTCCCAC","pbmc3k",5286,1618,"FCGR3A+ Mono",3.159288687098,"1","2","1","1","1"
"TACGTTACCAAGCT","pbmc3k",1701,705,"CD14+ Mono",2.52792475014697,"1","5","5","5","5"
"TACTAAGATTGCGA","pbmc3k",2549,878,"Memory CD4 T",1.49078069831306,"0","0","0","0","0"
"TACTACTGATGTCG","pbmc3k",2304,993,"NK",1.5625,"2","3","2","2","2"
"TACTACTGTATGGC","pbmc3k",2843,843,"Naive CD4 T",2.84910306014773,"0","0","0","0","0"
"TACTCTGAATCGAC","pbmc3k",1983,807,"NK",1.81543116490166,"2","3","2","2","2"
"TACTCTGACGAGTT","pbmc3k",2523,881,"Memory CD4 T",1.86286167261197,"0","0","0","0","0"
"TACTGTTGAAAGCA","pbmc3k",1990,791,"Naive CD4 T",1.80904522613065,"0","0","0","0","0"
"TACTGTTGAGGCGA","pbmc3k",1700,828,"NK",2.76470588235294,"2","3","2","2","2"
"TACTTGACTCCTCG","pbmc3k",1705,786,"CD8 T",1.64222873900293,"0","1","4","4","4"
"TAGATTGACTTGTT","pbmc3k",1592,620,"B",3.45477386934673,"3","4","3","3","3"
"TAGATTGAGGCATT","pbmc3k",812,426,"Naive CD4 T",2.21674876847291,"0","0","0","0","0"
"TAGCATCTCAGCTA","pbmc3k",1699,855,"NK",1.23602118893467,"2","3","2","2","2"
"TAGCATCTGCTGTA","pbmc3k",3624,1258,"FCGR3A+ Mono",2.23509933774834,"1","2","1","1","1"
"TAGCCCACAGCCAT","pbmc3k",2261,983,"CD8 T",2.21141088014153,"0","1","4","4","4"
"TAGCCGCTTACGAC","pbmc3k",2793,944,"Memory CD4 T",1.2531328320802,"0","0","0","0","0"
"TAGGAGCTAAGGCG","pbmc3k",2038,676,"B",3.09126594700687,"3","4","3","3","3"
"TAGGCATGCTCTCG","pbmc3k",3097,1265,"DC",1.35615111398127,"4","6","6","6","6"
"TAGGCATGGCGAGA","pbmc3k",2402,920,"CD8 T",1.20732722731057,"0","1","4","4","4"
"TAGGGACTGAACTC","pbmc3k",1917,826,"NK",2.76473656755347,"2","3","2","2","2"
"TAGGTTCTGAAGGC","pbmc3k",3538,1199,"Memory CD4 T",1.89372526851328,"0","0","0","0","0"
"TAGTAATGAGATCC","pbmc3k",1812,705,"Naive CD4 T",0.827814569536424,"0","0","0","0","0"
"TAGTATGATTCTCA","pbmc3k",3357,989,"Memory CD4 T",2.025618111409,"0","0","0","0","0"
"TAGTCTTGGCTGTA","pbmc3k",652,270,"Naive CD4 T",0,"0","0","0","0","0"
"TAGTCTTGTGGAAA","pbmc3k",2206,891,"CD8 T",3.53581142339075,"0","1","4","4","4"
"TAGTGGTGAAGTGA","pbmc3k",2003,1037,"NK",3.5946080878682,"2","3","2","2","2"
"TAGTTAGAACCACA","pbmc3k",1735,830,"NK",1.55619596541787,"2","3","2","2","2"
"TATAAGTGACACCA","pbmc3k",3898,1339,"FCGR3A+ Mono",4.3099025141098,"1","2","1","1","1"
"TATAAGTGTGGTGT","pbmc3k",4913,1517,"FCGR3A+ Mono",2.44249949114594,"1","2","1","1","1"
"TATACCACCTGATG","pbmc3k",1971,730,"B",3.39928970065956,"3","4","3","3","3"
"TATCCAACTCTCTA","pbmc3k",1971,836,"CD8 T",2.73972602739726,"0","1","4","4","4"
"TATCGTACAGATGA","pbmc3k",2185,879,"CD8 T",2.51716247139588,"0","1","4","4","4"
"TATCTCGAGAGATA","pbmc3k",1173,407,"Naive CD4 T",1.36402387041773,"0","0","0","0","0"
"TATGAATGGAGGAC","pbmc3k",2028,915,"NK",1.03550295857988,"2","3","2","2","2"
"TATGAATGTTTGCT","pbmc3k",3725,1269,"FCGR3A+ Mono",2.57718120805369,"1","2","1","1","1"
"TATGGGTGCTAGCA","pbmc3k",2022,839,"B",2.324431256182,"3","4","3","3","3"
"TATTGCTGAAGAAC","pbmc3k",805,382,"CD14+ Mono",3.85093167701863,"1","5","5","5","5"
"TATTGCTGTCTGGA","pbmc3k",2093,627,"Naive CD4 T",2.10224558050645,"0","0","0","0","0"
"TCAACACTGTTTGG","pbmc3k",2764,1230,"NK",2.42402315484805,"2","3","2","2","2"
"TCACCTCTACGACT","pbmc3k",2130,822,"CD8 T",3.6150234741784,"0","1","4","4","4"
"TCACCTCTTCCAAG","pbmc3k",2765,1064,"FCGR3A+ Mono",2.56781193490054,"1","2","1","1","1"
"TCACGAGAGGAGGT","pbmc3k",1644,681,"B",1.94647201946472,"3","4","3","3","3"
"TCACTATGGTTGTG","pbmc3k",808,363,"B",0.618811881188119,"3","4","3","3","3"
"TCAGACGACGTTAG","pbmc3k",2037,932,"NK",1.91458026509573,"2","3","2","2","2"
"TCAGGATGCCTTTA","pbmc3k",3121,1141,"FCGR3A+ Mono",2.59532201217558,"1","2","1","1","1"
"TCATCCCTTACTGG","pbmc3k",2833,1005,"Memory CD4 T",1.37663254500529,"0","0","0","0","0"
"TCCACGTGGAAACA","pbmc3k",3198,952,"Memory CD4 T",1.59474671669794,"0","0","0","0","0"
"TCCATAACGATGAA","pbmc3k",2553,1031,"Memory CD4 T",1.60595377986682,"0","0","0","0","0"
"TCCCGAACACAGTC","pbmc3k",1721,912,"NK",3.54445090063916,"2","3","2","2","2"
"TCCCTACTCAACTG","pbmc3k",1717,703,"B",1.45602795573675,"3","4","3","3","3"
"TCCTAAACATCGAC","pbmc3k",893,381,"Naive CD4 T",0.783874580067189,"0","0","0","0","0"
"TCCTAAACCGCATA","pbmc3k",1384,669,"NK",2.16763005780347,"2","3","2","2","2"
"TCCTATGAAAAGCA","pbmc3k",1544,662,"CD8 T",2.2020725388601,"0","1","4","4","4"
"TCGAATCTCTGGTA","pbmc3k",1305,581,"CD8 T",2.37547892720307,"0","1","4","4","4"
"TCGACCTGCCGATA","pbmc3k",2173,845,"FCGR3A+ Mono",1.4726184997699,"1","2","1","1","1"
"TCGAGAACGTTAGC","pbmc3k",3383,1289,"Memory CD4 T",1.59621637599764,"0","1","4","4","4"
"TCGAGCCTTGTGAC","pbmc3k",2607,792,"Naive CD4 T",3.33716915995397,"0","0","0","0","0"
"TCGATACTATTCCT","pbmc3k",2484,836,"CD8 T",1.36876006441224,"0","1","4","4","4"
"TCGATTTGCACTCC","pbmc3k",2505,814,"Naive CD4 T",1.07784431137725,"0","0","0","0","0"
"TCGATTTGCAGCTA","pbmc3k",1685,809,"NK",2.37388724035608,"2","3","2","2","2"
"TCGATTTGTCGTGA","pbmc3k",2734,815,"B",1.86539868324799,"3","4","3","3","3"
"TCGGTAGAGTAGGG","pbmc3k",2104,688,"Naive CD4 T",1.52091254752852,"0","0","0","0","0"
"TCGTAGGATCGACA","pbmc3k",2904,1075,"Memory CD4 T",3.133608815427,"0","0","0","0","0"
"TCTAACACCAGTTG","pbmc3k",1086,540,"NK",3.68324125230203,"2","3","2","2","2"
"TCTAACACGAGCAG","pbmc3k",3176,1094,"DC",1.60579345088161,"4","6","6","6","6"
"TCTAAGCTAATGCC","pbmc3k",2512,806,"Naive CD4 T",1.27388535031847,"0","0","0","0","0"
"TCTAGACTTAGAAG","pbmc3k",1831,727,"CD14+ Mono",3.71381758601857,"1","5","5","5","5"
"TCTAGTTGCACCAA","pbmc3k",3302,1100,"CD14+ Mono",1.33252574197456,"1","2","1","1","1"
"TCTTGATGCGGAGA","pbmc3k",2273,821,"CD8 T",2.1997360316762,"0","1","4","4","4"
"TGAACCGACTACTT","pbmc3k",2912,1127,"FCGR3A+ Mono",1.44230769230769,"1","2","1","1","1"
"TGAACCGATTCGGA","pbmc3k",2869,956,"FCGR3A+ Mono",2.02161031718369,"1","2","1","1","1"
"TGAAGCACTCACGA","pbmc3k",1915,740,"CD8 T",2.55874673629243,"0","0","0","0","0"
"TGAATAACTCCCAC","pbmc3k",2140,937,"CD8 T",4.53271028037383,"0","1","4","4","4"
"TGACTGGATTCTCA","pbmc3k",4073,1191,"Memory CD4 T",1.96415418610361,"0","0","0","0","0"
"TGACTTTGTTTGTC","pbmc3k",2288,854,"Memory CD4 T",1.57342657342657,"0","0","0","0","0"
"TGAGACACTCAAGC","pbmc3k",1815,742,"CD8 T",3.96694214876033,"0","1","4","4","4"
"TGAGCTGAATGCTG","pbmc3k",4164,1371,"FCGR3A+ Mono",2.04130643611912,"1","2","1","1","1"
"TGATAAACTCCGTC","pbmc3k",2067,940,"NK",1.79003386550556,"2","3","2","2","2"
"TGATACCTTGAAGA","pbmc3k",3061,973,"Naive CD4 T",1.27409343351846,"0","0","0","0","0"
"TGATCGGAGGAGCA","pbmc3k",1352,562,"B",1.25739644970414,"3","4","3","3","3"
"TGCAATCTTCAGGT","pbmc3k",6316,1902,"DC",1.69411019632679,"4","6","6","6","6"
"TGCACAGACGACAT","pbmc3k",2460,1159,"NK",2.80487804878049,"2","3","2","2","2"
"TGCCACTGAACGTC","pbmc3k",2652,943,"Naive CD4 T",0.754147812971342,"0","0","0","0","0"
"TGCCCAACCGCATA","pbmc3k",2799,982,"FCGR3A+ Mono",3.25116112897463,"1","2","1","1","1"
"TGCGAAACGTTGCA","pbmc3k",1417,626,"B",3.24629498941426,"3","4","3","3","3"
"TGCGATGAACGGTT","pbmc3k",1827,690,"Memory CD4 T",2.29885057471264,"0","0","0","0","0"
"TGCGATGACTAGTG","pbmc3k",2844,938,"B",1.89873417721519,"3","4","3","3","3"
"TGGAAAGACTCTCG","pbmc3k",1913,714,"B",2.45687401986409,"3","4","3","3","3"
"TGGAAAGAGCGATT","pbmc3k",2878,1042,"Memory CD4 T",1.14662960389159,"0","0","0","0","0"
"TGGAAAGAGGTCAT","pbmc3k",3493,1237,"FCGR3A+ Mono",3.54995705697108,"1","2","1","1","1"
"TGGAACACAAACAG","pbmc3k",1467,776,"NK",2.99931833674165,"2","3","2","2","2"
"TGGACCCTCATGGT","pbmc3k",1911,810,"CD8 T",2.35478806907378,"0","0","0","0","0"
"TGGAGACTATCAGC","pbmc3k",3291,1130,"CD14+ Mono",1.48890914615618,"1","5","5","5","5"
"TGGAGGGACGGAGA","pbmc3k",2106,786,"CD14+ Mono",2.37416904083571,"1","5","5","5","5"
"TGGCAATGCTTGTT","pbmc3k",1723,703,"B",2.55368543238537,"3","4","3","3","3"
"TGGGTATGAAGAGT","pbmc3k",3114,964,"Memory CD4 T",1.41297366730893,"0","0","0","0","0"
"TGGGTATGGTACGT","pbmc3k",1137,511,"B",1.84696569920844,"3","4","3","3","3"
"TGGTAGACCCTCAC","pbmc3k",1801,864,"NK",2.8317601332593,"2","3","2","2","2"
"TGTAATGACACAAC","pbmc3k",1461,723,"NK",1.43737166324435,"2","3","2","2","2"
"TGTAGGTGCTCTAT","pbmc3k",6280,1906,"DC",2.72292993630573,"4","6","6","6","6"
"TGTCAGGAGATGAA","pbmc3k",4079,1332,"FCGR3A+ Mono",1.98578082863447,"1","2","1","1","1"
"TGTGAGACTGTCAG","pbmc3k",2665,979,"FCGR3A+ Mono",1.57598499061914,"1","2","1","1","1"
"TGTGAGTGAGTGCT","pbmc3k",4108,1368,"FCGR3A+ Mono",2.04479065238559,"1","2","1","1","1"
"TGTGAGTGGAGATA","pbmc3k",968,459,"CD8 T",0.723140495867769,"0","1","4","4","4"
"TGTTAAGACAAAGA","pbmc3k",848,414,"CD14+ Mono",1.7688679245283,"1","5","5","5","5"
"TGTTACACCGCATA","pbmc3k",3410,1147,"FCGR3A+ Mono",1.8475073313783,"1","2","1","1","1"
"TGTTACACGACTAC","pbmc3k",1953,732,"FCGR3A+ Mono",3.07219662058372,"1","2","1","1","1"
"TGTTACTGGCTACA","pbmc3k",2483,992,"CD8 T",3.02053966975433,"0","1","4","4","4"
"TTAACCACTAAGGA","pbmc3k",1197,528,"CD8 T",1.92147034252297,"0","1","4","4","4"
"TTACGACTTGACAC","pbmc3k",1901,712,"CD14+ Mono",2.20936349289847,"1","5","5","5","5"
"TTACGTACGTTCAG","pbmc3k",942,321,"Platelet",2.76008492569002,"0","1","7","7","7"
"TTACTCGACGCAAT","pbmc3k",5030,1602,"DC",2.48508946322068,"4","6","6","6","6"
"TTACTCGATCTACT","pbmc3k",2550,1155,"NK",1.72549019607843,"2","3","2","2","2"
"TTAGCTACTGTCCC","pbmc3k",3699,1249,"CD14+ Mono",1.86536901865369,"1","2","1","1","1"
"TTAGGGACGCGAAG","pbmc3k",2199,852,"CD8 T",2.36471123237835,"0","1","4","4","4"
"TTAGGTCTACTTTC","pbmc3k",1106,515,"CD14+ Mono",3.43580470162749,"1","5","5","5","5"
"TTATCCGACTAGTG","pbmc3k",1901,665,"B",2.47238295633877,"3","4","3","3","3"
"TTATGGCTTATGGC","pbmc3k",6164,1782,"DC",2.20635950681376,"4","6","6","6","6"
"TTATTCCTGGACAG","pbmc3k",2513,787,"B",1.31317150815758,"3","4","3","3","3"
"TTATTCCTGGTACT","pbmc3k",2492,804,"B",2.44783306581059,"3","4","3","3","3"
"TTATTCCTTCGTGA","pbmc3k",3203,1100,"Memory CD4 T",2.46643771464252,"0","0","0","0","0"
"TTCAACACGGACGA","pbmc3k",2584,1013,"FCGR3A+ Mono",2.01238390092879,"1","2","1","1","1"
"TTCAAGCTAAGAAC","pbmc3k",2640,1002,"CD14+ Mono",2.61363636363636,"1","5","5","5","5"
"TTCAAGCTAGATGA","pbmc3k",2972,914,"Memory CD4 T",2.35531628532974,"0","0","0","0","0"
"TTCAAGCTTTCGCC","pbmc3k",2876,880,"Naive CD4 T",2.81641168289291,"0","0","0","0","0"
"TTCACAACGTCTGA","pbmc3k",677,394,"FCGR3A+ Mono",0.590841949778434,"1","2","1","1","1"
"TTCAGACTACCCAA","pbmc3k",789,368,"Naive CD4 T",3.67553865652725,"0","0","0","0","0"
"TTCAGACTCTCGAA","pbmc3k",2261,784,"Naive CD4 T",0.973020787262273,"0","0","0","0","0"
"TTCAGTACTCCTAT","pbmc3k",1850,711,"CD14+ Mono",2.86486486486486,"1","5","5","5","5"
"TTCAGTTGTCCTTA","pbmc3k",1974,751,"DC",0.861195542046606,"4","6","6","6","6"
"TTCCAAACTCCCAC","pbmc3k",792,485,"NK",1.64141414141414,"2","3","2","2","2"
"TTCCAAACTTGACG","pbmc3k",1647,712,"CD8 T",2.97510625379478,"0","1","4","4","4"
"TTCGAGGAGGGCAA","pbmc3k",1816,757,"Memory CD4 T",1.65198237885463,"0","1","4","4","4"
"TTCGTATGGTCTGA","pbmc3k",2256,803,"Naive CD4 T",2.88120567375887,"0","0","0","0","0"
"TTCTAGTGACACGT","pbmc3k",3018,1068,"Memory CD4 T",1.02717031146455,"0","0","0","0","0"
"TTCTAGTGGAGAGC","pbmc3k",1585,814,"NK",2.8391167192429,"2","3","2","2","2"
"TTCTCAGAAGCATC","pbmc3k",2497,881,"B",2.12254705646776,"3","4","3","3","3"
"TTCTGATGGAGACG","pbmc3k",2434,1179,"NK",1.8898931799507,"2","3","2","2","2"
"TTGAACCTCCTTGC","pbmc3k",1745,656,"B",1.48997134670487,"3","4","3","3","3"
"TTGAATGAACTACG","pbmc3k",2286,879,"FCGR3A+ Mono",2.40594925634296,"1","2","1","1","1"
"TTGAATGATCTCAT","pbmc3k",2013,752,"B",1.73869846000994,"3","4","3","3","3"
"TTGACACTGATAAG","pbmc3k",1314,602,"B",2.66362252663623,"3","4","3","3","3"
"TTGAGGACTACGCA","pbmc3k",6342,1792,"DC",2.44402396720278,"4","6","6","6","6"
"TTGCATTGCTAAGC","pbmc3k",3244,1093,"CD14+ Mono",4.99383477188656,"1","5","5","5","5"
"TTGCTAACACCAAC","pbmc3k",1918,785,"CD8 T",2.13764337851929,"0","1","4","4","4"
"TTGCTAACACGCTA","pbmc3k",2573,914,"FCGR3A+ Mono",1.98212203653323,"1","2","1","1","1"
"TTGCTATGGTAGGG","pbmc3k",3404,1266,"FCGR3A+ Mono",2.40893066980024,"1","2","1","1","1"
"TTGGAGACGCTATG","pbmc3k",2662,862,"CD14+ Mono",2.40420736288505,"1","5","5","5","5"
"TTGGAGACTATGGC","pbmc3k",1778,738,"B",2.86839145106862,"3","4","3","3","3"
"TTGGTACTGAATCC","pbmc3k",1855,615,"B",2.53369272237197,"3","4","3","3","3"
"TTGTCATGGACGGA","pbmc3k",2176,1080,"NK",1.83823529411765,"2","3","2","2","2"
"TTTAGCTGTACTCT","pbmc3k",5671,1560,"DC",2.11602891906189,"4","6","6","6","6"
"TTTCACGAGGTTCA","pbmc3k",2036,720,"Naive CD4 T",1.32612966601179,"0","0","0","0","0"
"TTTCAGTGTCACGA","pbmc3k",1632,698,"B",3.43137254901961,"3","4","3","3","3"
"TTTCAGTGTCTATC","pbmc3k",937,458,"CD14+ Mono",2.45464247598719,"1","5","5","5","5"
"TTTCGAACACCTGA","pbmc3k",4455,1539,"DC",1.30190796857464,"4","6","6","6","6"
"TTTCTACTGAGGCA","pbmc3k",3443,1224,"B",0.929422015683997,"3","4","3","3","3"
